Workbook

Sheet Summary Dashboard
A1: VSG Rewrite Tracker - Summary Dashboard
A3: Overall Progress
A4: Category | B4: Total Items | C4: Not Started | D4: In Progress | E4: Completed | F4: Progress %
A5: Jobs & Layout Management | B5: 25 | C5: =COUNTIF('Jobs & Layout Management'!G:G,"Not Started") | D5: =COUNTIF('Jobs & Layout Management'!G:G,"In Progress") | E5: =COUNTIF('Jobs & Layout Management'!G:G,"Completed")+COUNTIF('Jobs & Layout Management'!G:G,"Verified") | F5: =IF(B5>0,ROUND((E5/B5)*100,1)&"%","0%")
A6: Analysis & Detection | B6: 65 | C6: =COUNTIF('Analysis & Detection'!G:G,"Not Started") | D6: =COUNTIF('Analysis & Detection'!G:G,"In Progress") | E6: =COUNTIF('Analysis & Detection'!G:G,"Completed")+COUNTIF('Analysis & Detection'!G:G,"Verified") | F6: =IF(B6>0,ROUND((E6/B6)*100,1)&"%","0%")
A7: Track Processing & Extraction | B7: 11 | C7: =COUNTIF('Track Processing & Extraction'!G:G,"Not Started") | D7: =COUNTIF('Track Processing & Extraction'!G:G,"In Progress") | E7: =COUNTIF('Track Processing & Extraction'!G:G,"Completed")+COUNTIF('Track Processing & Extraction'!G:G,"Verified") | F7: =IF(B7>0,ROUND((E7/B7)*100,1)&"%","0%")
A8: Audio Correction | B8: 36 | C8: =COUNTIF('Audio Correction'!G:G,"Not Started") | D8: =COUNTIF('Audio Correction'!G:G,"In Progress") | E8: =COUNTIF('Audio Correction'!G:G,"Completed")+COUNTIF('Audio Correction'!G:G,"Verified") | F8: =IF(B8>0,ROUND((E8/B8)*100,1)&"%","0%")
A9: Subtitle Processing | B9: 652 | C9: =COUNTIF('Subtitle Processing'!G:G,"Not Started") | D9: =COUNTIF('Subtitle Processing'!G:G,"In Progress") | E9: =COUNTIF('Subtitle Processing'!G:G,"Completed")+COUNTIF('Subtitle Processing'!G:G,"Verified") | F9: =IF(B9>0,ROUND((E9/B9)*100,1)&"%","0%")
A10: Orchestrator & Pipeline | B10: 40 | C10: =COUNTIF('Orchestrator & Pipeline'!G:G,"Not Started") | D10: =COUNTIF('Orchestrator & Pipeline'!G:G,"In Progress") | E10: =COUNTIF('Orchestrator & Pipeline'!G:G,"Completed")+COUNTIF('Orchestrator & Pipeline'!G:G,"Verified") | F10: =IF(B10>0,ROUND((E10/B10)*100,1)&"%","0%")
A11: Post-Processing & Auditors | B11: 92 | C11: =COUNTIF('Post-Processing & Auditors'!G:G,"Not Started") | D11: =COUNTIF('Post-Processing & Auditors'!G:G,"In Progress") | E11: =COUNTIF('Post-Processing & Auditors'!G:G,"Completed")+COUNTIF('Post-Processing & Auditors'!G:G,"Verified") | F11: =IF(B11>0,ROUND((E11/B11)*100,1)&"%","0%")
A12: Main Window & Workers | B12: 34 | C12: =COUNTIF('Main Window & Workers'!G:G,"Not Started") | D12: =COUNTIF('Main Window & Workers'!G:G,"In Progress") | E12: =COUNTIF('Main Window & Workers'!G:G,"Completed")+COUNTIF('Main Window & Workers'!G:G,"Verified") | F12: =IF(B12>0,ROUND((E12/B12)*100,1)&"%","0%")
A13: Dialogs | B13: 299 | C13: =COUNTIF('Dialogs'!G:G,"Not Started") | D13: =COUNTIF('Dialogs'!G:G,"In Progress") | E13: =COUNTIF('Dialogs'!G:G,"Completed")+COUNTIF('Dialogs'!G:G,"Verified") | F13: =IF(B13>0,ROUND((E13/B13)*100,1)&"%","0%")
A14: Widgets & Components | B14: 16 | C14: =COUNTIF('Widgets & Components'!G:G,"Not Started") | D14: =COUNTIF('Widgets & Components'!G:G,"In Progress") | E14: =COUNTIF('Widgets & Components'!G:G,"Completed")+COUNTIF('Widgets & Components'!G:G,"Verified") | F14: =IF(B14>0,ROUND((E14/B14)*100,1)&"%","0%")
A15: Config, Models & Utilities | B15: 122 | C15: =COUNTIF('Config, Models & Utilities'!G:G,"Not Started") | D15: =COUNTIF('Config, Models & Utilities'!G:G,"In Progress") | E15: =COUNTIF('Config, Models & Utilities'!G:G,"Completed")+COUNTIF('Config, Models & Utilities'!G:G,"Verified") | F15: =IF(B15>0,ROUND((E15/B15)*100,1)&"%","0%")
A16: TOTAL | B16: =SUM(B5:B15) | C16: =SUM(C5:C15) | D16: =SUM(D5:D15) | E16: =SUM(E5:E15) | F16: =IF(B16>0,ROUND((E16/B16)*100,1)&"%","0%")
A19: Status Legend:
A20: Not Started | B20: Work has not begun
A21: In Progress | B21: Currently being worked on
A22: Completed | B22: Implementation complete
A23: Testing | B23: Under testing/review
A24: Verified | B24: Tested and verified working
A25: Blocked | B25: Blocked by dependency
A27: Priority Legend:
A28: Critical | B28: Core functionality, must implement first
A29: High | B29: Important feature, prioritize
A30: Medium | B30: Standard priority
A31: Low | B31: Nice to have, can defer

Sheet Jobs & Layout Management
A1: Done | B1: File Path | C1: Function/Class/Feature | D1: Type | E1: Description | F1: Features | G1: Status | H1: Priority | I1: Dependencies | J1: Notes | K1: New Implementation Path
B2: vsg_core/job_discovery.py | C2: discover_jobs | D2: Function | E2: Discovers jobs based on a dictionary of source paths. | F2: Handles single file mode, Supports batch processing, Error handling, Path handling | G2: Not Started | H2: Medium
B3: vsg_core/job_layouts/__init__.py | C3: __init__ | D3: Module | E3: Module initialization/configuration | G3: Not Started | H3: High
B4: vsg_core/job_layouts/manager.py | C4: JobLayoutManager | D4: Class | E4: Main orchestrator for handling job layout persistence, copying, and validation. | G4: Not Started | H4: High
B5: vsg_core/job_layouts/manager.py | C5: JobLayoutManager.__init__ | D5: Method | E5: Method of JobLayoutManager | F5: Logging, Path handling | G5: Not Started | H5: High
B6: vsg_core/job_layouts/manager.py | C6: JobLayoutManager._create_enhanced_layout | D6: Method | E6: Adds positional metadata to a layout for robust ordering. | G6: Not Started | H6: Medium
B7: vsg_core/job_layouts/manager.py | C7: JobLayoutManager.cleanup_all | D7: Method | E7: Deletes all temporary layout files and releases cached video resources. | F7: Caching support, Error handling | G7: Not Started | H7: Medium
B8: vsg_core/job_layouts/manager.py | C8: JobLayoutManager.copy_layout_between_jobs | D8: Method | E8: Copies a layout if the source and target files are structurally compatible. | F8: Logging | G8: Not Started | H8: Medium
B9: vsg_core/job_layouts/manager.py | C9: JobLayoutManager.delete_layout | D9: Method | E9: Method of JobLayoutManager | G9: Not Started | H9: Medium
B10: vsg_core/job_layouts/manager.py | C10: JobLayoutManager.generate_job_id | D10: Method | E10: Generates a consistent and unique job ID from source file paths. | F10: Path handling | G10: Not Started | H10: Medium
B11: vsg_core/job_layouts/manager.py | C11: JobLayoutManager.layout_exists | D11: Method | E11: Method of JobLayoutManager | G11: Not Started | H11: Medium
B12: vsg_core/job_layouts/manager.py | C12: JobLayoutManager.load_job_layout | D12: Method | E12: Loads and validates a job layout. | F12: Includes validation, Logging | G12: Not Started | H12: Medium
B13: vsg_core/job_layouts/manager.py | C13: JobLayoutManager.save_job_layout | D13: Method | E13: Saves a job layout, generating fresh signatures and enhancing the layout data. | F13: Error handling, Logging | G13: Not Started | H13: Medium
B14: vsg_core/job_layouts/persistence.py | C14: LayoutPersistence | D14: Class | E14: Handles saving and loading job layouts to/from JSON files. | G14: Not Started | H14: High
B15: vsg_core/job_layouts/persistence.py | C15: LayoutPersistence.__init__ | D15: Method | E15: Method of LayoutPersistence | F15: Logging, Path handling | G15: Not Started | H15: High
B16: vsg_core/job_layouts/persistence.py | C16: LayoutPersistence.cleanup_all | D16: Method | E16: Removes all layout files and the layouts directory. | F16: Error handling, Logging | G16: Not Started | H16: Medium
B17: vsg_core/job_layouts/persistence.py | C17: LayoutPersistence.delete_layout | D17: Method | E17: Deletes a specific layout file. | F17: Error handling, Logging | G17: Not Started | H17: Medium
B18: vsg_core/job_layouts/persistence.py | C18: LayoutPersistence.layout_exists | D18: Method | E18: Checks if a layout file exists. | G18: Not Started | H18: Medium
B19: vsg_core/job_layouts/persistence.py | C19: LayoutPersistence.load_layout | D19: Method | E19: Loads a job layout from a JSON file. | F19: Error handling, Logging, JSON handling | G19: Not Started | H19: Medium
B20: vsg_core/job_layouts/persistence.py | C20: LayoutPersistence.save_layout | D20: Method | E20: Saves a job layout using a temporary file to prevent corruption. | F20: Error handling, Logging, JSON handling | G20: Not Started | H20: Medium
B21: vsg_core/job_layouts/signature.py | C21: EnhancedSignatureGenerator | D21: Class | E21: Generates robust signatures for track matching and layout compatibility. | G21: Not Started | H21: High
B22: vsg_core/job_layouts/signature.py | C22: EnhancedSignatureGenerator.generate_structure_signature | D22: Method | E22: Generates a detailed, order-sensitive signature of the file structure. | F22: JSON handling | G22: Not Started | H22: Medium
B23: vsg_core/job_layouts/signature.py | C23: EnhancedSignatureGenerator.generate_track_signature | D23: Method | E23: Generates a basic signature for a set of tracks. | G23: Not Started | H23: Medium
B24: vsg_core/job_layouts/signature.py | C24: EnhancedSignatureGenerator.structures_are_compatible | D24: Method | E24: Compares two structure signatures for exact compatibility. | G24: Not Started | H24: Medium
B25: vsg_core/job_layouts/validation.py | C25: LayoutValidator | D25: Class | E25: Validates that loaded layout data is well-formed. | G25: Not Started | H25: High
B26: vsg_core/job_layouts/validation.py | C26: LayoutValidator.validate | D26: Method | E26: Validates the structure and content of a layout data dictionary. | F26: Includes validation | G26: Not Started | H26: Medium

Sheet Analysis & Detection
A1: Done | B1: File Path | C1: Function/Class/Feature | D1: Type | E1: Description | F1: Features | G1: Status | H1: Priority | I1: Dependencies | J1: Notes | K1: New Implementation Path
B2: vsg_core/analysis/__init__.py | C2: __init__ | D2: Module | E2: Module initialization/configuration | G2: Not Started | H2: High
B3: vsg_core/analysis/audio_corr.py | C3: _apply_bandpass | D3: Function | E3: Applies a Butterworth band-pass filter to isolate dialogue frequencies. | F3: Error handling, Logging, UI component | G3: Not Started | H3: Medium
B4: vsg_core/analysis/audio_corr.py | C4: _apply_lowpass | D4: Function | E4: Applies a simple FIR low-pass filter. | F4: Error handling, Logging | G4: Not Started | H4: Medium
B5: vsg_core/analysis/audio_corr.py | C5: _decode_to_memory | D5: Function | E5: Decodes one audio stream to a mono float32 NumPy array. | F5: Supports batch processing, Error handling, Logging, FFmpeg integration, Path handling | G5: Not Started | H5: Medium
B6: vsg_core/analysis/audio_corr.py | C6: _find_delay_dtw | D6: Function | E6: Calculates delay using Dynamic Time Warping on MFCC features. | F6: Error handling, Path handling | G6: Not Started | H6: Medium
B7: vsg_core/analysis/audio_corr.py | C7: _find_delay_gcc_phat | D7: Function | E7: Calculates delay using Generalized Cross-Correlation with Phase Transform. | G7: Not Started | H7: Medium
B8: vsg_core/analysis/audio_corr.py | C8: _find_delay_gcc_scot | D8: Function | E8: Calculates delay using GCC-SCOT (Smoothed Coherence Transform). | F8: Qt signals | G8: Not Started | H8: Medium
B9: vsg_core/analysis/audio_corr.py | C9: _find_delay_gcc_whiten | D9: Function | E9: Calculates delay using GCC with Spectral Whitening (Whitened Cross-Correlation). | F9: Qt signals | G9: Not Started | H9: Medium
B10: vsg_core/analysis/audio_corr.py | C10: _find_delay_onset | D10: Function | E10: Calculates delay using onset detection envelope correlation. | F10: Error handling | G10: Not Started | H10: Medium
B11: vsg_core/analysis/audio_corr.py | C11: _find_delay_scc | D11: Function | E11: Calculates delay and match percentage using standard cross-correlation. | G11: Not Started | H11: Medium
B12: vsg_core/analysis/audio_corr.py | C12: _find_delay_spectrogram | D12: Function | E12: Calculates delay using spectrogram cross-correlation. | F12: Error handling, Logging, Qt signals | G12: Not Started | H12: Medium
B13: vsg_core/analysis/audio_corr.py | C13: _normalize_lang | D13: Function | E13: Module-level function | G13: Not Started | H13: Medium
B14: vsg_core/analysis/audio_corr.py | C14: _normalize_peak_confidence | D14: Function | E14: Normalizes peak confidence by comparing to noise floor and second-best peak. | F14: Qt signals | G14: Not Started | H14: Medium
B15: vsg_core/analysis/audio_corr.py | C15: _run_method_on_chunks | D15: Function | E15: Runs a specific correlation method on pre-extracted chunks. | F15: Logging | G15: Not Started | H15: High
B16: vsg_core/analysis/audio_corr.py | C16: get_audio_stream_info | D16: Function | E16: Finds the best audio stream and returns its 0-based index and mkvmerge track ID. | F16: Fallback handling, Error handling, MKVToolNix integration, JSON handling, Path handling | G16: Not Started | H16: Medium
B17: vsg_core/analysis/audio_corr.py | C17: run_audio_correlation | D17: Function | E17: Runs audio correlation analysis between reference and target files. | F17: Supports batch processing, Multi-threaded, Error handling, Logging, FFmpeg integration | G17: Not Started | H17: High
B18: vsg_core/analysis/audio_corr.py | C18: run_multi_correlation | D18: Function | E18: Runs multiple correlation methods on the same audio chunks for comparison. | F18: Supports batch processing, Error handling, Logging, FFmpeg integration, Path handling | G18: Not Started | H18: High
B19: vsg_core/analysis/drift_detection.py | C19: _analyze_transition_patterns | D19: Function | E19: Analyzes and reports patterns in delay transitions | F19: Logging | G19: Not Started | H19: Medium
B20: vsg_core/analysis/drift_detection.py | C20: _build_cluster_diagnostics | D20: Function | E20: Builds detailed cluster composition and transition analysis. | F20: Logging | G20: Not Started | H20: Medium
B21: vsg_core/analysis/drift_detection.py | C21: _filter_clusters | D21: Function | E21: Filters clusters based on quality validation. | F21: Includes validation | G21: Not Started | H21: Medium
B22: vsg_core/analysis/drift_detection.py | C22: _format_chunk_range | D22: Function | E22: Formats chunk numbers as ranges (e.g., '1-3,5-25,30-48') | G22: Not Started | H22: Medium
B23: vsg_core/analysis/drift_detection.py | C23: _get_quality_thresholds | D23: Function | E23: Returns quality validation thresholds based on the selected quality mode. | F23: Includes validation | G23: Not Started | H23: Medium
B24: vsg_core/analysis/drift_detection.py | C24: _get_video_framerate | D24: Function | E24: Uses ffprobe to get the video's average frame rate. | F24: Error handling, FFmpeg integration, Path handling | G24: Not Started | H24: Medium
B25: vsg_core/analysis/drift_detection.py | C25: _validate_cluster | D25: Function | E25: Validates a single cluster against quality thresholds. | F25: Includes validation | G25: Not Started | H25: Medium
B26: vsg_core/analysis/drift_detection.py | C26: diagnose_audio_issue | D26: Function | E26: Analyzes correlation chunks to diagnose the type of sync issue. | F26: Includes validation, Fallback handling, Logging, Path handling | G26: Not Started | H26: Medium
B27: vsg_core/analysis/source_separation.py | C27: _collect_models_from_dict | D27: Function | E27: Module-level function | G27: Not Started | H27: Medium
B28: vsg_core/analysis/source_separation.py | C28: _collect_models_from_list | D28: Function | E28: Module-level function | G28: Not Started | H28: Medium
B29: vsg_core/analysis/source_separation.py | C29: _enrich_model_with_quality_data | D29: Function | E29: Enrich model metadata with quality database information. | G29: Not Started | H29: Medium
B30: vsg_core/analysis/source_separation.py | C30: _extract_models_from_registry | D30: Function | E30: Recursively extract model info from audio-separator's nested JSON structure. | G30: Not Started | H30: Medium
B31: vsg_core/analysis/source_separation.py | C31: _extract_sdr_from_filename | D31: Function | E31: Extract SDR scores from model filename if embedded. | G31: Not Started | H31: Medium
B32: vsg_core/analysis/source_separation.py | C32: _fallback_models | D32: Function | E32: Module-level function | F32: Fallback handling | G32: Not Started | H32: Medium
B33: vsg_core/analysis/source_separation.py | C33: _get_venv_python | D33: Function | E33: Get the correct Python executable from the current virtual environment. | F33: Path handling | G33: Not Started | H33: Medium
B34: vsg_core/analysis/source_separation.py | C34: _load_model_data | D34: Function | E34: Module-level function | F34: Error handling, JSON handling | G34: Not Started | H34: Medium
B35: vsg_core/analysis/source_separation.py | C35: _load_model_data_via_cli | D35: Function | E35: Module-level function | F35: Error handling, Subprocess execution, JSON handling, Path handling | G35: Not Started | H35: Medium
B36: vsg_core/analysis/source_separation.py | C36: _log_separator_stderr | D36: Function | E36: Module-level function | F36: Error handling, Logging | G36: Not Started | H36: Medium
B37: vsg_core/analysis/source_separation.py | C37: _module_available_in_python | D37: Function | E37: Module-level function | F37: Error handling, Subprocess execution | G37: Not Started | H37: Medium
B38: vsg_core/analysis/source_separation.py | C38: _read_audio_file | D38: Function | E38: Read audio file and return (sample_rate, mono float32 array). | F38: Path handling | G38: Not Started | H38: Medium
B39: vsg_core/analysis/source_separation.py | C39: _resolve_separation_settings | D39: Function | E39: Module-level function | G39: Not Started | H39: Medium
B40: vsg_core/analysis/source_separation.py | C40: _select_model_filename | D40: Function | E40: Module-level function | G40: Not Started | H40: Medium
B41: vsg_core/analysis/source_separation.py | C41: apply_source_separation | D41: Function | E41: Apply source separation to both reference and target audio, or neither. | F41: Includes validation, Error handling, Logging, Subprocess execution | G41: Not Started | H41: Medium
B42: vsg_core/analysis/source_separation.py | C42: download_model | D42: Function | E42: Download a model using audio-separator. | F42: Error handling, Subprocess execution, Path handling | G42: Not Started | H42: Medium
B43: vsg_core/analysis/source_separation.py | C43: get_all_available_models_from_registry | D43: Function | E43: Query audio-separator for the complete model list with metadata. | F43: Error handling, Subprocess execution, JSON handling, Path handling | G43: Not Started | H43: Medium
B44: vsg_core/analysis/source_separation.py | C44: get_installed_models | D44: Function | E44: Read installed models from local JSON cache. | F44: Caching support, Error handling, JSON handling, Path handling | G44: Not Started | H44: Medium
B45: vsg_core/analysis/source_separation.py | C45: get_installed_models_json_path | D45: Function | E45: Get path to installed_models.json file. | F45: Path handling | G45: Not Started | H45: Medium
B46: vsg_core/analysis/source_separation.py | C46: is_audio_separator_available | D46: Function | E46: Check if python-audio-separator is available. | G46: Not Started | H46: Medium
B47: vsg_core/analysis/source_separation.py | C47: is_separation_enabled | D47: Function | E47: Module-level function | G47: Not Started | H47: Medium
B48: vsg_core/analysis/source_separation.py | C48: list_available_models | D48: Function | E48: Get installed models from local JSON cache. | F48: Caching support, Fallback handling | G48: Not Started | H48: Medium
B49: vsg_core/analysis/source_separation.py | C49: resample_audio | D49: Function | E49: Resample audio using scipy (no torchaudio needed). | F49: Error handling | G49: Not Started | H49: Medium
B50: vsg_core/analysis/source_separation.py | C50: separate_audio | D50: Function | E50: Separate audio using python-audio-separator in an isolated subprocess. | F50: Includes validation, Error handling, Logging, Subprocess execution, JSON handling | G50: Not Started | H50: Medium
B51: vsg_core/analysis/source_separation.py | C51: update_installed_models_json | D51: Function | E51: Write/update the installed_models.json file. | F51: Error handling, JSON handling, Path handling | G51: Not Started | H51: Medium
B52: vsg_core/analysis/sync_stability.py | C52: _analyze_uniform | D52: Function | E52: Analyze chunks as a single uniform group (no stepping). | F52: Logging | G52: Not Started | H52: Medium
B53: vsg_core/analysis/sync_stability.py | C53: _analyze_with_clusters | D53: Function | E53: Analyze chunks with stepping clusters. | F53: Logging | G53: Not Started | H53: Medium
B54: vsg_core/analysis/sync_stability.py | C54: _to_float | D54: Function | E54: Convert numpy types to native Python float for JSON serialization. | G54: Not Started | H54: Medium
B55: vsg_core/analysis/sync_stability.py | C55: analyze_sync_stability | D55: Function | E55: Analyze correlation chunk results for variance/stability issues. | F55: Logging | G55: Not Started | H55: Medium
B56: vsg_core/analysis/videodiff.py | C56: run_videodiff | D56: Function | E56: Prefer an explicit config path if it exists; otherwise allow PATH/tool_paths resolution. | F56: Error handling, Logging, Path handling | G56: Not Started | H56: High
B57: vsg_core/orchestrator/steps/analysis_step.py | C57: AnalysisStep | D57: Class | E57: Class definition | G57: Not Started | H57: High
B58: vsg_core/orchestrator/steps/analysis_step.py | C58: _choose_final_delay | D58: Function | E58: Select final delay from correlation results using configured mode. | F58: Fallback handling, Error handling, Logging, MKVToolNix integration, UI component | G58: Not Started | H58: Medium
B59: vsg_core/orchestrator/steps/analysis_step.py | C59: _choose_final_delay_raw | D59: Function | E59: Select final delay from correlation results, returning raw float value. | F59: Fallback handling, Logging, UI component | G59: Not Started | H59: Medium
B60: vsg_core/orchestrator/steps/analysis_step.py | C60: _find_first_stable_segment_delay | D60: Function | E60: Find the delay from the first stable segment of chunks. | F60: Logging | G60: Not Started | H60: Medium
B61: vsg_core/orchestrator/steps/analysis_step.py | C61: _format_track_details | D61: Function | E61: Format audio track details for logging. | F61: Logging, MKVToolNix integration | G61: Not Started | H61: Medium
B62: vsg_core/orchestrator/steps/analysis_step.py | C62: _should_use_source_separated_mode | D62: Function | E62: Check if this source should use source separation during correlation. | G62: Not Started | H62: Medium
B63: vsg_core/orchestrator/steps/analysis_step.py | C63: AnalysisStep.run | D63: Method | E63: Method of AnalysisStep | F63: Supports batch processing, Includes validation, Fallback handling, Error handling, Logging | G63: Not Started | H63: High
B64: vsg_core/postprocess/auditors/drift_correction.py | C64: DriftCorrectionAuditor | D64: Class | E64: Verifies drift corrections were applied correctly. | G64: Not Started | H64: High
B65: vsg_core/postprocess/auditors/drift_correction.py | C65: DriftCorrectionAuditor._verify_correction_type | D65: Method | E65: Verify corrections for a specific correction type. | F65: Logging | G65: Not Started | H65: Medium
B66: vsg_core/postprocess/auditors/drift_correction.py | C66: DriftCorrectionAuditor.run | D66: Method | E66: Audits drift corrections. | F66: Logging, FFmpeg integration, MKVToolNix integration, Path handling | G66: Not Started | H66: High

Sheet Track Processing & Extraction
A1: Done | B1: File Path | C1: Function/Class/Feature | D1: Type | E1: Description | F1: Features | G1: Status | H1: Priority | I1: Dependencies | J1: Notes | K1: New Implementation Path
B2: vsg_core/extraction/attachments.py | C2: extract_attachments | D2: Function | E2: Module-level function | F2: Supports batch processing, Fallback handling, Logging, MKVToolNix integration, Path handling | G2: Not Started | H2: Medium
B3: vsg_core/extraction/tracks.py | C3: _build_track_description | D3: Function | E3: Builds a rich, MediaInfo-like description string from combined track info. | F3: Error handling, FFmpeg integration | G3: Not Started | H3: Medium
B4: vsg_core/extraction/tracks.py | C4: _ext_for_codec | D4: Function | E4: Module-level function | G4: Not Started | H4: Medium
B5: vsg_core/extraction/tracks.py | C5: _get_channel_layout_str | D5: Function | E5: Gets a friendly channel layout string. | G5: Not Started | H5: Medium
B6: vsg_core/extraction/tracks.py | C6: _get_detailed_stream_info | D6: Function | E6: Module-level function | F6: Error handling, Logging, FFmpeg integration, JSON handling, Path handling | G6: Not Started | H6: Medium
B7: vsg_core/extraction/tracks.py | C7: _parse_pcm_codec_name | D7: Function | E7: Parses an ffprobe pcm codec name like 'pcm_s24le' into a readable string. | F7: FFmpeg integration | G7: Not Started | H7: Medium
B8: vsg_core/extraction/tracks.py | C8: _pcm_codec_from_bit_depth | D8: Function | E8: Module-level function | F8: Error handling | G8: Not Started | H8: Medium
B9: vsg_core/extraction/tracks.py | C9: extract_tracks | D9: Function | E9: Extract tracks from MKV with enhanced error detection. | F9: Error handling, Logging, FFmpeg integration, MKVToolNix integration, Path handling | G9: Not Started | H9: Medium
B10: vsg_core/extraction/tracks.py | C10: get_stream_info | D10: Function | E10: Module-level function | F10: Error handling, Logging, MKVToolNix integration, JSON handling, Path handling | G10: Not Started | H10: Medium
B11: vsg_core/extraction/tracks.py | C11: get_stream_info_with_delays | D11: Function | E11: Get stream info including container delays from mkvmerge -J output. | F11: Error handling, Logging, MKVToolNix integration, JSON handling, Path handling | G11: Not Started | H11: Medium
B12: vsg_core/extraction/tracks.py | C12: get_track_info_for_dialog | D12: Function | E12: Module-level function | F12: Logging, FFmpeg integration, MKVToolNix integration, Path handling, UI component | G12: Not Started | H12: Medium

Sheet Audio Correction
A1: Done | B1: File Path | C1: Function/Class/Feature | D1: Type | E1: Description | F1: Features | G1: Status | H1: Priority | I1: Dependencies | J1: Notes | K1: New Implementation Path
B2: vsg_core/correction/__init__.py | C2: __init__ | D2: Module | E2: Module initialization/configuration | G2: Not Started | H2: High
B3: vsg_core/correction/linear.py | C3: _get_sample_rate | D3: Function | E3: Helper to get the sample rate of the first audio stream. | F3: Error handling, Logging, FFmpeg integration, JSON handling, Path handling | G3: Not Started | H3: Medium
B4: vsg_core/correction/linear.py | C4: run_linear_correction | D4: Function | E4: Corrects constant audio drift by resampling the audio speed. | F4: Error handling, Logging, FFmpeg integration, Path handling | G4: Not Started | H4: High
B5: vsg_core/correction/pal.py | C5: run_pal_correction | D5: Function | E5: Corrects audio drift due to PAL speed-up using a pitch-corrected resample. | F5: Error handling, Logging, FFmpeg integration, Path handling | G5: Not Started | H5: High
B6: vsg_core/correction/stepping.py | C6: AudioSegment | D6: Class | E6: Represents an action point on the target timeline for the assembly function. | G6: Not Started | H6: High
B7: vsg_core/correction/stepping.py | C7: CorrectionResult | D7: Class | E7: Class definition | G7: Not Started | H7: High
B8: vsg_core/correction/stepping.py | C8: CorrectionVerdict | D8: Class | E8: Class definition | G8: Not Started | H8: High
B9: vsg_core/correction/stepping.py | C9: SteppingCorrector | D9: Class | E9: Class definition | G9: Not Started | H9: High
B10: vsg_core/correction/stepping.py | C10: _get_audio_properties | D10: Function | E10: Module-level function | F10: Error handling, FFmpeg integration, JSON handling, Path handling | G10: Not Started | H10: Medium
B11: vsg_core/correction/stepping.py | C11: generate_edl_from_correlation | D11: Function | E11: Generate a simplified EDL from correlation chunks for subtitle adjustment. | F11: Includes validation, Logging | G11: Not Started | H11: Medium
B12: vsg_core/correction/stepping.py | C12: run_stepping_correction | D12: Function | E12: Module-level function | F12: Includes validation, Fallback handling, Error handling, Logging, Path handling | G12: Not Started | H12: High
B13: vsg_core/correction/stepping.py | C13: SteppingCorrector.__init__ | D13: Method | E13: Method of SteppingCorrector | F13: Logging, Path handling | G13: Not Started | H13: High
B14: vsg_core/correction/stepping.py | C14: SteppingCorrector._analyze_internal_drift | D14: Method | E14: Method of SteppingCorrector | F14: Error handling, Logging, UI component | G14: Not Started | H14: Medium
B15: vsg_core/correction/stepping.py | C15: SteppingCorrector._assemble_from_segments_via_ffmpeg | D15: Method | E15: Method of SteppingCorrector | F15: Error handling, Logging, FFmpeg integration, Path handling | G15: Not Started | H15: Medium
B16: vsg_core/correction/stepping.py | C16: SteppingCorrector._decode_to_memory | D16: Method | E16: Method of SteppingCorrector | F16: Supports batch processing, Error handling, Logging, FFmpeg integration, Path handling | G16: Not Started | H16: Medium
B17: vsg_core/correction/stepping.py | C17: SteppingCorrector._detect_speech_regions_vad | D17: Method | E17: Detect speech regions using Voice Activity Detection (WebRTC VAD). | F17: Error handling, Logging, UI component | G17: Not Started | H17: Medium
B18: vsg_core/correction/stepping.py | C18: SteppingCorrector._detect_transients | D18: Method | E18: Detect transients (sudden amplitude increases like musical beats/impacts). | F18: Logging, UI component | G18: Not Started | H18: Medium
B19: vsg_core/correction/stepping.py | C19: SteppingCorrector._extract_content_from_reference | D19: Method | E19: Attempts to extract matching content from reference audio to fill a gap. | F19: Logging, UI component | G19: Not Started | H19: Medium
B20: vsg_core/correction/stepping.py | C20: SteppingCorrector._filter_coarse_map_by_clusters | D20: Method | E20: Filters coarse_map to remove entries that fall within invalid clusters. | F20: Includes validation, Fallback handling, Logging | G20: Not Started | H20: Medium
B21: vsg_core/correction/stepping.py | C21: SteppingCorrector._find_boundary_in_zone | D21: Method | E21: Finds the precise boundary where audio delay changes from delay_before to delay_after. | F21: Includes validation, Logging, Path handling, UI component | G21: Not Started | H21: Medium
... B32: vsg_core/correction/stepping.py | C32: SteppingCorrector.run | D32: Method | E32: Method of SteppingCorrector | F32: Error handling, Logging, FFmpeg integration, Path handling | G32: Not Started | H32: High
B33: vsg_core/orchestrator/steps/audio_correction_step.py | C33: AudioCorrectionStep | D33: Class | E33: Acts as a router to apply the correct audio correction based on the | G33: Not Started | H33: High
B34: vsg_core/orchestrator/steps/audio_correction_step.py | C34: AudioCorrectionStep._validate_linear_correction | D34: Method | E34: Validate that linear drift correction was applied successfully. | F34: Includes validation, Error handling, Logging, Path handling | G34: Not Started | H34: Medium
B35: vsg_core/orchestrator/steps/audio_correction_step.py | C35: AudioCorrectionStep._validate_pal_correction | D35: Method | E35: Validate that PAL correction was applied successfully. | F35: Includes validation, Error handling, Logging, Path handling | G35: Not Started | H35: Medium
B36: vsg_core/orchestrator/steps/audio_correction_step.py | C36: AudioCorrectionStep._validate_stepping_correction | D36: Method | E36: Validate that stepping correction was applied successfully. | F36: Includes validation, Error handling, Logging, Path handling | G36: Not Started | H36: Medium
B37: vsg_core/orchestrator/steps/audio_correction_step.py | C37: AudioCorrectionStep.run | D37: Method | E37: Method of AudioCorrectionStep | F37: Includes validation, Error handling, Logging | G37: Not Started | H37: High

Sheet Subtitle Processing
A1: Done | B1: File Path | C1: Function/Class/Feature | D1: Type | E1: Description | F1: Features | G1: Status | H1: Priority | I1: Dependencies | J1: Notes | K1: New Implementation Path
B2: vsg_core/orchestrator/steps/subtitles_step.py | C2: SubtitlesStep | D2: Class | E2: Unified subtitle processing step. | G2: Not Started | H2: High
B3: vsg_core/orchestrator/steps/subtitles_step.py | C3: _check_timestamp_precision | D3: Function | E3: Check the precision of a timestamp string (number of fractional digits). | F3: Error handling | G3: Not Started | H3: Medium
B4: vsg_core/orchestrator/steps/subtitles_step.py | C4: _parse_ass_time_str | D4: Function | E4: Parse ASS timestamp string to float ms (same logic as SubtitleData). | F4: Error handling, Logging | G4: Not Started | H4: Medium
B5: vsg_core/orchestrator/steps/subtitles_step.py | C5: _read_raw_ass_timestamps | D5: Function | E5: Read raw timestamp strings from an ASS file without full parsing. | F5: Error handling, Logging, Path handling, UI component | G5: Not Started | H5: Medium
B6: vsg_core/orchestrator/steps/subtitles_step.py | C6: SubtitlesStep._apply_sync_unified | D6: Method | E6: Apply sync mode using unified SubtitleData flow. | F6: Caching support, Error handling, Logging, Path handling | G6: Not Started | H6: Medium
B7: vsg_core/orchestrator/steps/subtitles_step.py | C7: SubtitlesStep._get_ocr_debug_dir | D7: Method | E7: Get OCR debug directory for a track if it exists. | F7: Error handling, Logging, Path handling | G7: Not Started | H7: Medium
B8: vsg_core/orchestrator/steps/subtitles_step.py | C8: SubtitlesStep._get_video_resolution | D8: Method | E8: Get video resolution for rescaling. | F8: Error handling, Logging, Path handling | G8: Not Started | H8: Medium
B9: vsg_core/orchestrator/steps/subtitles_step.py | C9: SubtitlesStep._process_ocr | D9: Method | E9: Process OCR for a track. | F9: Error handling, Logging, Subprocess execution, Path handling | G9: Not Started | H9: Medium
B10: vsg_core/orchestrator/steps/subtitles_step.py | C10: SubtitlesStep._process_track_unified | D10: Method | E10: Process a subtitle track using the unified SubtitleData flow. | F10: Caching support, Includes validation, Error handling, Logging, MKVToolNix integration | G10: Not Started | H10: Medium
B11: vsg_core/orchestrator/steps/subtitles_step.py | C11: SubtitlesStep._run_ocr_subprocess | D11: Method | E11: Method of SubtitlesStep | F11: Error handling, Logging, Subprocess execution, JSON handling, Path handling | G11: Not Started | H11: High
B12: vsg_core/orchestrator/steps/subtitles_step.py | C12: SubtitlesStep.run | D12: Method | E12: Method of SubtitlesStep | F12: Caching support, Fallback handling, Error handling, Logging, Path handling | G12: Not Started | H12: High
B13: vsg_core/postprocess/auditors/subtitle_formats.py | C13: SubtitleFormatsAuditor | D13: Class | E13: Validates subtitle conversions and all processing steps. | G13: Not Started | H13: High
B14: vsg_core/postprocess/auditors/subtitle_formats.py | C14: SubtitleFormatsAuditor._verify_ass_conversion | D14: Method | E14: Verify subtitle was converted to ASS/SSA format. | F14: Logging | G14: Not Started | H14: Medium
B15: vsg_core/postprocess/auditors/subtitle_formats.py | C15: SubtitleFormatsAuditor._verify_font_size | D15: Method | E15: Verify font size multiplier was applied. | F15: Error handling, Logging, Path handling | G15: Not Started | H15: Medium
B16: vsg_core/postprocess/auditors/subtitle_formats.py | C16: SubtitleFormatsAuditor._verify_ocr | D16: Method | E16: Verify OCR was performed and resulted in text format. | F16: Logging | G16: Not Started | H16: Medium
B17: vsg_core/postprocess/auditors/subtitle_formats.py | C17: SubtitleFormatsAuditor._verify_rescaling | D17: Method | E17: Verify PlayResX/PlayResY were updated to match video resolution. | F17: Error handling, Logging, FFmpeg integration, Path handling | G17: Not Started | H17: Medium
B18: vsg_core/postprocess/auditors/subtitle_formats.py | C18: SubtitleFormatsAuditor.run | D18: Method | E18: Comprehensive subtitle audit including: | F18: Includes validation, Fallback handling, Error handling, Logging, FFmpeg integration | G18: Not Started | H18: High
B19: vsg_core/subtitles/__init__.py | C19: __init__ | D19: Module | E19: Module initialization/configuration | G19: Not Started | H19: High
B20: vsg_core/subtitles/checkpoint_selection.py | C20: select_smart_checkpoints | D20: Function | E20: Smart checkpoint selection: avoid OP/ED, prefer dialogue events. | F20: Logging, UI component | G20: Not Started | H20: Medium
B21: vsg_core/subtitles/convert.py | C21: convert_srt_to_ass | D21: Function | E21: Module-level function | F21: Logging, FFmpeg integration, Path handling | G21: Not Started | H21: Medium
B22: vsg_core/subtitles/data.py | C22: EmbeddedFont | D22: Class | E22: Embedded font from [Fonts] section. | G22: Not Started | H22: High
B23: vsg_core/subtitles/data.py | C23: EmbeddedGraphic | D23: Class | E23: Embedded graphic from [Graphics] section. | G23: Not Started | H23: High
B24: vsg_core/subtitles/data.py | C24: NumpyEncoder | D24: Class | E24: JSON encoder that handles numpy types. | G24: Not Started | H24: High
B25: vsg_core/subtitles/data.py | C25: OCREventData | D25: Class | E25: OCR-specific metadata for a single subtitle event. | G25: Not Started | H25: High
B26: vsg_core/subtitles/data.py | C26: OCRMetadata | D26: Class | E26: Document-level OCR metadata and statistics. | G26: Not Started | H26: High
B27: vsg_core/subtitles/data.py | C27: OperationRecord | D27: Class | E27: Record of an operation applied to subtitle data. | G27: Not Started | H27: High
B28: vsg_core/subtitles/data.py | C28: OperationResult | D28: Class | E28: Result of applying an operation. | G28: Not Started | H28: High
B29: vsg_core/subtitles/data.py | C29: SteppingEventData | D29: Class | E29: Stepping-specific metadata for a single subtitle event. | G29: Not Started | H29: High
B30: vsg_core/subtitles/data.py | C30: SubtitleData | D30: Class | E30: Universal subtitle data container. | G30: Not Started | H30: High
B31: vsg_core/subtitles/data.py | C31: SubtitleEvent | D31: Class | E31: Single subtitle event with FLOAT MILLISECOND timing. | G31: Not Started | H31: High
B32: vsg_core/subtitles/data.py | C32: SubtitleStyle | D32: Class | E32: ASS/SSA style definition with all 23 fields. | G32: Not Started | H32: High
B33: vsg_core/subtitles/data.py | C33: SyncEventData | D33: Class | E33: Sync-specific metadata for a single subtitle event. | G33: Not Started | H33: High
... B35: vsg_core/subtitles/data.py | C35: _format_number | D35: Function | E35: Format number, removing unnecessary decimals. | G35: Not Started | H35: Medium
B36: vsg_core/subtitles/data.py | C36: _parse_ass_time | D36: Function | E36: Parse ASS timestamp to float milliseconds. | F36: Error handling | G36: Not Started | H36: Medium
B37: vsg_core/subtitles/data.py | C37: EmbeddedFont.to_dict | D37: Method | E37: Method of EmbeddedFont | G37: Not Started | H37: Medium
B38: vsg_core/subtitles/data.py | C38: EmbeddedGraphic.to_dict | D38: Method | E38: Method of EmbeddedGraphic | G38: Not Started | H38: Medium
B39: vsg_core/subtitles/data.py | C39: NumpyEncoder.default | D39: Method | E39: Method of NumpyEncoder | G39: Not Started | H39: Medium
B40: vsg_core/subtitles/data.py | C40: OCREventData.from_dict | D40: Method | E40: Method of OCREventData | G40: Not Started | H40: Medium
B41: vsg_core/subtitles/data.py | C41: OCREventData.to_dict | D41: Method | E41: Method of OCREventData | G41: Not Started | H41: Medium
B42: vsg_core/subtitles/data.py | C42: OCRMetadata.from_dict | D42: Method | E42: Method of OCRMetadata | G42: Not Started | H42: Medium
B43: vsg_core/subtitles/data.py | C43: OCRMetadata.to_dict | D43: Method | E43: Method of OCRMetadata | G43: Not Started | H43: Medium
B44: vsg_core/subtitles/data.py | C44: OperationRecord.from_dict | D44: Method | E44: Method of OperationRecord | F44: Error handling | G44: Not Started | H44: Medium
B45: vsg_core/subtitles/data.py | C45: OperationRecord.to_dict | D45: Method | E45: Method of OperationRecord | G45: Not Started | H45: Medium
B46: vsg_core/subtitles/data.py | C46: SteppingEventData.from_dict | D46: Method | E46: Method of SteppingEventData | G46: Not Started | H46: Medium
B47: vsg_core/subtitles/data.py | C47: SteppingEventData.to_dict | D47: Method | E47: Method of SteppingEventData | G47: Not Started | H47: Medium
B48: vsg_core/subtitles/data.py | C48: SubtitleData.__post_init__ | D48: Method | E48: Set default format fields if not provided. | G48: Not Started | H48: Medium
B49: vsg_core/subtitles/data.py | C49: SubtitleData.apply_font_replacement | D49: Method | E49: Apply font replacements. | F49: Logging | G49: Not Started | H49: Medium
B50: vsg_core/subtitles/data.py | C50: SubtitleData.apply_rescale | D50: Method | E50: Rescale subtitle to target resolution. | F50: Logging | G50: Not Started | H50: Medium
B51: vsg_core/subtitles/data.py | C51: SubtitleData.apply_size_multiplier | D51: Method | E51: Apply font size multiplier to all styles. | F51: Logging | G51: Not Started | H51: Medium
B52: vsg_core/subtitles/data.py | C52: SubtitleData.apply_stepping | D52: Method | E52: Apply stepping (EDL-based timing adjustment). | F52: Logging | G52: Not Started | H52: Medium
B53: vsg_core/subtitles/data.py | C53: SubtitleData.apply_style_patch | D53: Method | E53: Apply style patches. | F53: Logging | G53: Not Started | H53: Medium
B54: vsg_core/subtitles/data.py | C54: SubtitleData.apply_sync | D54: Method | E54: Apply sync mode to adjust timing. | F54: Error handling, Logging, Path handling | G54: Not Started | H54: Medium
B55: vsg_core/subtitles/data.py | C55: SubtitleData.filter_by_styles | D55: Method | E55: Filter events by style name. | F55: Logging | G55: Not Started | H55: Medium
B56: vsg_core/subtitles/data.py | C56: SubtitleData.from_file | D56: Method | E56: Load subtitle from file, auto-detecting format. | F56: Error handling, Path handling | G56: Not Started | H56: Medium
B57: vsg_core/subtitles/data.py | C57: SubtitleData.from_json | D57: Method | E57: Load SubtitleData from a JSON file produced by save_json(). | F57: JSON handling, Path handling | G57: Not Started | H57: Medium
B58: vsg_core/subtitles/data.py | C58: SubtitleData.get_dialogue_events | D58: Method | E58: Get only dialogue events (not comments). | F58: Logging, UI component | G58: Not Started | H58: Medium
B59: vsg_core/subtitles/data.py | C59: SubtitleData.get_events_by_style | D59: Method | E59: Get events with specific style. | G59: Not Started | H59: Medium
B60: vsg_core/subtitles/data.py | C60: SubtitleData.get_style_counts | D60: Method | E60: Get event count per style name. | G60: Not Started | H60: Medium
B61: vsg_core/subtitles/data.py | C61: SubtitleData.get_style_counts_from_file | D61: Method | E61: Get style counts from a file without loading full SubtitleData. | F61: Includes validation, Error handling, Logging, Path handling, UI component | G61: Not Started | H61: Medium
B62: vsg_core/subtitles/data.py | C62: SubtitleData.get_timing_range | D62: Method | E62: Get (min_start_ms, max_end_ms) of all events. | G62: Not Started | H62: Medium
B63: vsg_core/subtitles/data.py | C63: SubtitleData.remove_events | D63: Method | E63: Remove events at specified indices. | G63: Not Started | H63: Medium
B64: vsg_core/subtitles/data.py | C64: SubtitleData.remove_events_by_style | D64: Method | E64: Remove all events with specified style. | G64: Not Started | H64: Medium
B65: vsg_core/subtitles/data.py | C65: SubtitleData.remove_overlapping_events | D65: Method | E65: Remove events that completely overlap with others (same timing). | G65: Not Started | H65: Medium
B66: vsg_core/subtitles/data.py | C66: SubtitleData.save | D66: Method | E66: Save to file, format determined by extension. | F66: Error handling, Path handling | G66: Not Started | H66: Medium
B67: vsg_core/subtitles/data.py | C67: SubtitleData.save_ass | D67: Method | E67: Save as ASS file. | F67: Path handling | G67: Not Started | H67: Medium
B68: vsg_core/subtitles/data.py | C68: SubtitleData.save_json | D68: Method | E68: Save complete JSON representation for debugging and data preservation. | F68: Error handling, JSON handling, Path handling | G68: Not Started | H68: Medium
B69: vsg_core/subtitles/data.py | C69: SubtitleData.save_srt | D69: Method | E69: Save as SRT file. | F69: Path handling | G69: Not Started | H69: Medium
B70: vsg_core/subtitles/data.py | C70: SubtitleData.shift_timing | D70: Method | E70: Shift all event timing by offset. | G70: Not Started | H70: Medium
B71: vsg_core/subtitles/data.py | C71: SubtitleData.sort_events_by_time | D71: Method | E71: Sort events by start time, preserving layer order for simultaneous events. | G71: Not Started | H71: Medium
B72: vsg_core/subtitles/data.py | C72: SubtitleData.validate | D72: Method | E72: Validate data integrity. | F72: Includes validation, Error handling | G72: Not Started | H72: Medium
B73: vsg_core/subtitles/data.py | C73: SubtitleEvent.duration_ms | D73: Method | E73: Get duration in milliseconds. | G73: Not Started | H73: Medium
B74: vsg_core/subtitles/data.py | C74: SubtitleEvent.from_dict | D74: Method | E74: Method of SubtitleEvent | G74: Not Started | H74: Medium
B75: vsg_core/subtitles/data.py | C75: SubtitleEvent.from_format_line | D75: Method | E75: Parse event from Format fields and values. | F75: Logging, UI component | G75: Not Started | H75: Medium
B76: vsg_core/subtitles/data.py | C76: SubtitleEvent.to_dict | D76: Method | E76: Convert to dictionary for JSON serialization. | G76: Not Started | H76: Medium
B77: vsg_core/subtitles/data.py | C77: SubtitleEvent.to_format_values | D77: Method | E77: Convert to values list matching format fields. | G77: Not Started | H77: Medium
B78: vsg_core/subtitles/data.py | C78: SubtitleStyle.default | D78: Method | E78: Create default style. | G78: Not Started | H78: Medium
B79: vsg_core/subtitles/data.py | C79: SubtitleStyle.from_dict | D79: Method | E79: Method of SubtitleStyle | G79: Not Started | H79: Medium
B80: vsg_core/subtitles/data.py | C80: SubtitleStyle.from_format_line | D80: Method | E80: Parse style from Format fields and values. | G80: Not Started | H80: Medium
B81: vsg_core/subtitles/data.py | C81: SubtitleStyle.to_dict | D81: Method | E81: Convert to dictionary for JSON serialization. | G81: Not Started | H81: Medium
B82: vsg_core/subtitles/data.py | C82: SubtitleStyle.to_format_values | D82: Method | E82: Convert to values list matching format fields. | G82: Not Started | H82: Medium
B83: vsg_core/subtitles/data.py | C83: SyncEventData.from_dict | D83: Method | E83: Method of SyncEventData | G83: Not Started | H83: Medium
B84: vsg_core/subtitles/data.py | C84: SyncEventData.to_dict | D84: Method | E84: Method of SyncEventData | G84: Not Started | H84: Medium
B85: vsg_core/subtitles/edit_plan.py | C85: ApplyResult | D85: Class | E85: Result of applying an edit plan. | G85: Not Started | H85: High
B86: vsg_core/subtitles/edit_plan.py | C86: EventEdit | D86: Class | E86: Planned edit for a single subtitle event. | G86: Not Started | H86: High
B87: vsg_core/subtitles/edit_plan.py | C87: EventGroup | D87: Class | E87: Predefined event groups for subtitle organization. | G87: Not Started | H87: High
... B92: vsg_core/subtitles/edit_plan.py | C92: SubtitleEditPlan | D92: Class | E92: Non-destructive edit plan for subtitle modifications. | G92: Not Started | H92: High
B93: vsg_core/subtitles/edit_plan.py | C93: ApplyResult.to_dict | D93: Method | E93: Convert to dictionary. | F93: Error handling | G93: Not Started | H93: Medium
B94: vsg_core/subtitles/edit_plan.py | C94: ApplyResult.total_changes | D94: Method | E94: Total number of changes made. | G94: Not Started | H94: Medium
B95: vsg_core/subtitles/edit_plan.py | C95: EventEdit.from_dict | D95: Method | E95: Create from dictionary. | G95: Not Started | H95: Medium
B96: vsg_core/subtitles/edit_plan.py | C96: EventEdit.has_changes | D96: Method | E96: Check if this edit has any actual changes. | G96: Not Started | H96: Medium
B97: vsg_core/subtitles/edit_plan.py | C97: EventEdit.to_dict | D97: Method | E97: Convert to dictionary for JSON serialization. | G97: Not Started | H97: Medium
B98: vsg_core/subtitles/edit_plan.py | C98: GroupDefinition.from_dict | D98: Method | E98: Create from dictionary. | G98: Not Started | H98: Medium
B99: vsg_core/subtitles/edit_plan.py | C99: GroupDefinition.to_dict | D99: Method | E99: Convert to dictionary for JSON serialization. | G99: Not Started | H99: Medium
B100: vsg_core/subtitles/edit_plan.py | C100: NewEventSpec.from_dict | D100: Method | E100: Create from dictionary. | G100: Not Started | H100: Medium
B101: vsg_core/subtitles/edit_plan.py | C101: NewEventSpec.to_dict | D101: Method | E101: Convert to dictionary for JSON serialization. | G101: Not Started | H101: Medium
B102: vsg_core/subtitles/edit_plan.py | C102: NewStyleSpec.from_dict | D102: Method | E102: Create from dictionary. | G102: Not Started | H102: Medium
B103: vsg_core/subtitles/edit_plan.py | C103: NewStyleSpec.to_dict | D103: Method | E103: Convert to dictionary for JSON serialization. | G103: Not Started | H103: Medium
B104: vsg_core/subtitles/edit_plan.py | C104: StyleEdit.from_dict | D104: Method | E104: Create from dictionary. | G104: Not Started | H104: Medium
B105: vsg_core/subtitles/edit_plan.py | C105: StyleEdit.has_changes | D105: Method | E105: Check if this edit has any actual changes. | G105: Not Started | H105: Medium
...

Sheet Orchestrator & Pipeline
A1: Done | B1: File Path | C1: Function/Class/Feature | D1: Type | E1: Description | F1: Features | G1: Status | H1: Priority | I1: Dependencies | J1: Notes | K1: New Implementation Path
B2: vsg_core/orchestrator/pipeline.py | C2: Orchestrator | D2: Class | E2: Runs the modular steps in order with validation at each stage. | G2: Not Started | H2: High
B3: vsg_core/orchestrator/pipeline.py | C3: Orchestrator.run | D3: Method | E3: Executes the pipeline steps with validation. | F3: Includes validation, Error handling, Logging, Path handling | G3: Not Started | H3: High
B4: vsg_core/orchestrator/steps/__init__.py | C4: __init__ | D4: Module | E4: Module initialization/configuration | G4: Not Started | H4: High
B5: vsg_core/orchestrator/steps/attachments_step.py | C5: AttachmentsStep | D5: Class | E5: Extracts attachments from all sources specified by the user in the UI. | G5: Not Started | H5: High
B6: vsg_core/orchestrator/steps/attachments_step.py | C6: AttachmentsStep._add_replacement_fonts | D6: Method | E6: Copy replacement fonts from Font Manager to temp directory and add to attachments. | F6: Error handling, Logging, Path handling | G6: Not Started | H6: Medium
B7: vsg_core/orchestrator/steps/attachments_step.py | C7: AttachmentsStep.run | D7: Method | E7: Method of AttachmentsStep | F7: Logging, Path handling | G7: Not Started | H7: High
B8: vsg_core/orchestrator/steps/chapters_step.py | C8: ChaptersStep | D8: Class | E8: Extracts/modifies chapter XML from Source 1. | G8: Not Started | H8: High
B9: vsg_core/orchestrator/steps/chapters_step.py | C9: ChaptersStep.run | D9: Method | E9: Method of ChaptersStep | F9: Error handling, Logging, MKVToolNix integration, Path handling | G9: Not Started | H9: High
B10: vsg_core/orchestrator/steps/context.py | C10: Context | D10: Class | E10: Class definition | G10: Not Started | H10: High
B11: vsg_core/orchestrator/steps/extract_step.py | C11: ExtractStep | D11: Class | E11: Class definition | G11: Not Started | H11: High
B12: vsg_core/orchestrator/steps/extract_step.py | C12: ExtractStep._process_generated_tracks | D12: Method | E12: Prepare generated tracks by copying source files. | F12: Includes validation, Error handling, Logging, Path handling | G12: Not Started | H12: Medium
B13: vsg_core/orchestrator/steps/extract_step.py | C13: ExtractStep.run | D13: Method | E13: Method of ExtractStep | F13: Error handling, Logging, FFmpeg integration, MKVToolNix integration, JSON handling | G13: Not Started | H13: High
B14: vsg_core/orchestrator/steps/mux_step.py | C14: MuxStep | D14: Class | E14: Builds mkvmerge tokens and stores them on the context. | G14: Not Started | H14: High
B15: vsg_core/orchestrator/steps/mux_step.py | C15: MuxStep.run | D15: Method | E15: Method of MuxStep | F15: MKVToolNix integration, Path handling | G15: Not Started | H15: High
B16: vsg_core/orchestrator/validation.py | C16: PipelineValidationError | D16: Class | E16: Raised when a pipeline step validation fails. | G16: Not Started | H16: High
B17: vsg_core/orchestrator/validation.py | C17: StepValidator | D17: Class | E17: Validates that pipeline steps completed successfully. | G17: Not Started | H17: High
B18: vsg_core/orchestrator/validation.py | C18: StepValidator.validate_analysis | D18: Method | E18: Validates analysis step results. | F18: Includes validation, Error handling | G18: Not Started | H18: Medium
B19: vsg_core/orchestrator/validation.py | C19: StepValidator.validate_correction | D19: Method | E19: Validates audio correction results. | F19: Includes validation, Error handling, Path handling | G19: Not Started | H19: Medium
B20: vsg_core/orchestrator/validation.py | C20: StepValidator.validate_extraction | D20: Method | E20: Validates extraction step results. | F20: Includes validation, Error handling, MKVToolNix integration, Path handling | G20: Not Started | H20: Medium
B21: vsg_core/orchestrator/validation.py | C21: StepValidator.validate_mux | D21: Method | E21: Validates merge planning results. | F21: Includes validation, Error handling, MKVToolNix integration, Path handling | G21: Not Started | H21: Medium
B22: vsg_core/orchestrator/validation.py | C22: StepValidator.validate_subtitles | D22: Method | E22: Validates subtitle processing results. | F22: Includes validation, Error handling, Path handling | G22: Not Started | H22: Medium
B23: vsg_core/pipeline.py | C23: JobPipeline | D23: Class | E23: Orchestrates video sync job execution. | G23: Not Started | H23: High
B24: vsg_core/pipeline.py | C24: JobPipeline.__init__ | D24: Method | E24: Initializes the job pipeline. | F24: Logging, Path handling | G24: Not Started | H24: High
B25: vsg_core/pipeline.py | C25: JobPipeline.run_job | D25: Method | E25: Runs a complete sync job. | F25: Caching support, Includes validation, Error handling, Logging, MKVToolNix integration | G25: Not Started | H25: High
B26: vsg_core/pipeline_components/__init__.py | C26: __init__ | D26: Module | E26: Module initialization/configuration | G26: Not Started | H26: High
B27: vsg_core/pipeline_components/log_manager.py | C27: LogManager | D27: Class | E27: Manages logging setup and cleanup for jobs. | G27: Not Started | H27: High
B28: vsg_core/pipeline_components/log_manager.py | C28: LogManager.cleanup_log | D28: Method | E28: Cleans up logger and handler resources. | F28: Logging | G28: Not Started | H28: Medium
B29: vsg_core/pipeline_components/log_manager.py | C29: LogManager.setup_job_log | D29: Method | E29: Sets up logging for a job. | F29: Logging, Path handling | G29: Not Started | H29: Medium
B30: vsg_core/pipeline_components/output_writer.py | C30: OutputWriter | D30: Class | E30: Writes output files and mkvmerge configuration. | G30: Not Started | H30: High
B31: vsg_core/pipeline_components/output_writer.py | C31: OutputWriter.prepare_output_path | D31: Method | E31: Prepares the final output path. | F31: Path handling | G31: Not Started | H31: Medium
B32: vsg_core/pipeline_components/output_writer.py | C32: OutputWriter.write_mkvmerge_options | D32: Method | E32: Writes mkvmerge options to a JSON file. | F32: Error handling, Logging, MKVToolNix integration, JSON handling, Path handling | G32: Not Started | H32: Medium
B33: vsg_core/pipeline_components/result_auditor.py | C33: ResultAuditor | D33: Class | E33: Audits merged output files for quality and correctness. | G33: Not Started | H33: High
B34: vsg_core/pipeline_components/result_auditor.py | C34: ResultAuditor.audit_output | D34: Method | E34: Audits the merged output file. | F34: Error handling, Logging, Path handling | G34: Not Started | H34: Medium
B35: vsg_core/pipeline_components/sync_executor.py | C35: SyncExecutor | D35: Class | E35: Executes sync merges and finalizes output. | G35: Not Started | H35: High
B36: vsg_core/pipeline_components/sync_executor.py | C36: SyncExecutor.execute_merge | D36: Method | E36: Executes mkvmerge with the provided options file. | F36: MKVToolNix integration, Path handling | G36: Not Started | H36: Medium
B37: vsg_core/pipeline_components/sync_executor.py | C37: SyncExecutor.finalize_output | D37: Method | E37: Finalizes the merged output file. | F37: Path handling | G37: Not Started | H37: Medium
B38: vsg_core/pipeline_components/sync_planner.py | C38: SyncPlanner | D38: Class | E38: Plans sync operations by delegating to the Orchestrator. | G38: Not Started | H38: High
B39: vsg_core/pipeline_components/sync_planner.py | C39: SyncPlanner.plan_sync | D39: Method | E39: Plans the sync operation by analyzing sources and preparing merge tokens. | F39: Logging, MKVToolNix integration, Path handling | G39: Not Started | H39: Medium
B40: vsg_core/pipeline_components/tool_validator.py | C40: ToolValidator | D40: Class | E40: Validates and locates required external tools. | G40: Not Started | H40: High
B41: vsg_core/pipeline_components/tool_validator.py | C41: ToolValidator.validate_tools | D41: Method | E41: Validates that all required tools are available in PATH. | F41: Includes validation, Error handling, Path handling | G41: Not Started | H41: Medium

Sheet Post-Processing & Auditors
A1: Done | B1: File Path | C1: Function/Class/Feature | D1: Type | E1: Description | F1: Features | G1: Status | H1: Priority | I1: Dependencies | J1: Notes | K1: New Implementation Path
B2: vsg_core/audit/__init__.py | C2: __init__ | D2: Module | E2: Module initialization/configuration | G2: Not Started | H2: High
B3: vsg_core/audit/trail.py | C3: AuditTrail | D3: Class | E3: Manages the pipeline audit trail JSON file. | G3: Not Started | H3: High
B4: vsg_core/audit/trail.py | C4: NumpyJSONEncoder | D4: Class | E4: JSON encoder that handles numpy types and Path objects. | G4: Not Started | H4: High
B5: vsg_core/audit/trail.py | C5: AuditTrail.__init__ | D5: Method | E5: Initialize audit trail. | F5: Path handling | G5: Not Started | H5: High
B6: vsg_core/audit/trail.py | C6: AuditTrail._get_nested | D6: Method | E6: Get value at nested path, or None if not found. | F6: Path handling | G6: Not Started | H6: Medium
B7: vsg_core/audit/trail.py | C7: AuditTrail._write | D7: Method | E7: Write audit trail to disk using atomic write pattern. | F7: Error handling, JSON handling, Path handling | G7: Not Started | H7: Medium
B8: vsg_core/audit/trail.py | C8: AuditTrail.append | D8: Method | E8: Append a value to a list at the specified path. | F8: Path handling | G8: Not Started | H8: Medium
B9: vsg_core/audit/trail.py | C9: AuditTrail.append_event | D9: Method | E9: Append a timestamped event to the events log. | F9: Error handling, Logging | G9: Not Started | H9: Medium
B10: vsg_core/audit/trail.py | C10: AuditTrail.finalize | D10: Method | E10: Finalize the audit trail. | F10: Path handling | G10: Not Started | H10: Medium
B11: vsg_core/audit/trail.py | C11: AuditTrail.get_path | D11: Method | E11: Return path to the audit trail file. | F11: Path handling | G11: Not Started | H11: Medium
B12: vsg_core/audit/trail.py | C12: AuditTrail.record | D12: Method | E12: Record a value at the specified path. | F12: Error handling, Path handling | G12: Not Started | H12: Medium
B13: vsg_core/audit/trail.py | C13: AuditTrail.record_correlation_chunk | D13: Method | E13: Record a single correlation chunk result. | G13: Not Started | H13: Medium
B14: vsg_core/audit/trail.py | C14: AuditTrail.record_delay_calculation | D14: Method | E14: Record the delay calculation chain for a source. | G14: Not Started | H14: Medium
B15: vsg_core/audit/trail.py | C15: AuditTrail.record_final_delay | D15: Method | E15: Record final delay for a source (after global shift applied). | G15: Not Started | H15: Medium
B16: vsg_core/audit/trail.py | C16: AuditTrail.record_global_shift | D16: Method | E16: Record global shift calculation. | G16: Not Started | H16: Medium
B17: vsg_core/audit/trail.py | C17: AuditTrail.record_mux_tokens | D17: Method | E17: Record the final mkvmerge tokens. | F17: MKVToolNix integration | G17: Not Started | H17: Medium
B18: vsg_core/audit/trail.py | C18: AuditTrail.record_mux_track_delay | D18: Method | E18: Record the final delay calculation for a track in mux. | G18: Not Started | H18: Medium
B19: vsg_core/audit/trail.py | C19: AuditTrail.record_source | D19: Method | E19: Record source file information. | F19: Path handling | G19: Not Started | H19: Medium
B20: vsg_core/audit/trail.py | C20: AuditTrail.record_subtitle_parsed | D20: Method | E20: Record parsed subtitle info. | F20: Path handling | G20: Not Started | H20: Medium
B21: vsg_core/audit/trail.py | C21: AuditTrail.record_subtitle_sync | D21: Method | E21: Record subtitle sync operation details. | G21: Not Started | H21: Medium
B22: vsg_core/audit/trail.py | C22: AuditTrail.record_subtitle_track | D22: Method | E22: Record or update subtitle track processing data. | F22: Path handling | G22: Not Started | H22: Medium
B23: vsg_core/audit/trail.py | C23: AuditTrail.to_dict | D23: Method | E23: Return copy of the audit data. | G23: Not Started | H23: Medium
B24: vsg_core/audit/trail.py | C24: NumpyJSONEncoder.default | D24: Method | E24: Method of NumpyJSONEncoder | F24: Error handling, Path handling | G24: Not Started | H24: Medium
B25: vsg_core/postprocess/__init__.py | C25: __init__ | D25: Module | E25: Module initialization/configuration | G25: Not Started | H25: High
B26: vsg_core/postprocess/auditors/__init__.py | C26: __init__ | D26: Module | E26: Module initialization/configuration | G26: Not Started | H26: High
B27: vsg_core/postprocess/auditors/attachments.py | C27: AttachmentsAuditor | D27: Class | E27: Checks if expected attachments are present with correct filenames and reasonable sizes. | G27: Not Started | H27: High
B28: vsg_core/postprocess/auditors/attachments.py | C28: AttachmentsAuditor._verify_attachments | D28: Method | E28: Verify expected attachments are in the final file with correct names and reasonable sizes. | F28: Logging | G28: Not Started | H28: Medium
B29: vsg_core/postprocess/auditors/attachments.py | C29: AttachmentsAuditor.run | D29: Method | E29: Comprehensive attachment audit: | F29: Error handling, Logging, FFmpeg integration, MKVToolNix integration, Path handling | G29: Not Started | H29: High
B30: vsg_core/postprocess/auditors/audio_channels.py | C30: AudioChannelsAuditor | D30: Class | E30: Verifies channel counts and layouts weren't altered during muxing. | G30: Not Started | H30: High
B31: vsg_core/postprocess/auditors/audio_channels.py | C31: AudioChannelsAuditor._get_audio_stream_index_from_track_id | D31: Method | E31: Maps an mkvmerge track ID to the corresponding audio stream index in ffprobe output. | F31: FFmpeg integration, MKVToolNix integration | G31: Not Started | H31: Medium
B32: vsg_core/postprocess/auditors/audio_channels.py | C32: AudioChannelsAuditor.run | D32: Method | E32: Audits audio channel layouts to detect downmixing. | F32: Logging, FFmpeg integration, MKVToolNix integration, Path handling | G32: Not Started | H32: High
B33: vsg_core/postprocess/auditors/audio_object_based.py | C33: AudioObjectBasedAuditor | D33: Class | E33: Detailed object-based audio check (Atmos, DTS:X). | G33: Not Started | H33: High
B34: vsg_core/postprocess/auditors/audio_object_based.py | C34: AudioObjectBasedAuditor._get_audio_stream_index_from_track_id | D34: Method | E34: Maps an mkvmerge track ID to the corresponding audio stream index in ffprobe output. | F34: FFmpeg integration, MKVToolNix integration | G34: Not Started | H34: Medium
B35: vsg_core/postprocess/auditors/audio_object_based.py | C35: AudioObjectBasedAuditor.run | D35: Method | E35: Audits object-based audio metadata (Atmos/DTS:X). | F35: Logging, FFmpeg integration, MKVToolNix integration, Path handling | G35: Not Started | H35: High
B36: vsg_core/postprocess/auditors/audio_quality.py | C36: AudioQualityAuditor | D36: Class | E36: Checks for audio quality degradation (sample rate, bit depth changes). | G36: Not Started | H36: High
B37: vsg_core/postprocess/auditors/audio_quality.py | C37: AudioQualityAuditor._get_audio_stream_index_from_track_id | D37: Method | E37: Maps an mkvmerge track ID to the corresponding audio stream index in ffprobe output. | F37: FFmpeg integration, MKVToolNix integration | G37: Not Started | H37: Medium
B38: vsg_core/postprocess/auditors/audio_quality.py | C38: AudioQualityAuditor.run | D38: Method | E38: Audits audio quality parameters. | F38: Error handling, Logging, FFmpeg integration, MKVToolNix integration, Path handling | G38: Not Started | H38: High
B39: vsg_core/postprocess/auditors/audio_sync.py | C39: AudioSyncAuditor | D39: Class | E39: Verifies that audio sync delays in the final file match what was calculated. | G39: Not Started | H39: High
B40: vsg_core/postprocess/auditors/audio_sync.py | C40: AudioSyncAuditor._verify_codec_delay | D40: Method | E40: Primary verification: Check codec_delay in container metadata. | F40: Logging, MKVToolNix integration | G40: Not Started | H40: Medium
B41: vsg_core/postprocess/auditors/audio_sync.py | C41: AudioSyncAuditor._verify_first_packet_timestamp | D41: Method | E41: Secondary verification: Check the timestamp of the first audio packet. | F41: Error handling, Logging, FFmpeg integration, MKVToolNix integration, JSON handling | G41: Not Started | H41: Medium
B42: vsg_core/postprocess/auditors/audio_sync.py | C42: AudioSyncAuditor.run | D42: Method | E42: Comprehensive audio sync audit with dual verification. | F42: Handles single file mode, Includes validation, Fallback handling, Logging, FFmpeg integration | G42: Not Started | H42: High
B43: vsg_core/postprocess/auditors/base.py | C43: BaseAuditor | D43: Class | E43: Base class for all audit modules. Provides shared utilities and interface. | G43: Not Started | H43: High
B44: vsg_core/postprocess/auditors/base.py | C44: BaseAuditor.__init__ | D44: Method | E44: Method of BaseAuditor | F44: Caching support, Logging, FFmpeg integration, MKVToolNix integration, Path handling | G44: Not Started | H44: High
B45: vsg_core/postprocess/auditors/base.py | C45: BaseAuditor._calculate_expected_delay | D45: Method | E45: Calculates what the delay SHOULD be for a given track based on the pipeline logic. | F45: Logging | G45: Not Started | H45: Medium
B46: vsg_core/postprocess/auditors/base.py | C46: BaseAuditor._codecs_match | D46: Method | E46: Compares codec identifiers from different sources (mkvmerge vs ffprobe). | F46: FFmpeg integration, MKVToolNix integration | G46: Not Started | H46: Medium
B47: vsg_core/postprocess/auditors/base.py | C47: BaseAuditor._get_content_light_level | D47: Method | E47: Extracts content light level metadata from a stream. | G47: Not Started | H47: Medium
B48: vsg_core/postprocess/auditors/base.py | C48: BaseAuditor._get_mastering_display | D48: Method | E48: Extracts mastering display metadata from a stream. | G48: Not Started | H48: Medium
B49: vsg_core/postprocess/auditors/base.py | C49: BaseAuditor._get_metadata | D49: Method | E49: Gets metadata using either mkvmerge or ffprobe with caching and enhanced probing for large delays. | F49: Caching support, Error handling, Logging, FFmpeg integration, MKVToolNix integration | G49: Not Started | H49: Medium
B50: vsg_core/postprocess/auditors/base.py | C50: BaseAuditor._has_dolby_vision | D50: Method | E50: Checks if a video stream has Dolby Vision metadata. | G50: Not Started | H50: Medium
B51: vsg_core/postprocess/auditors/base.py | C51: BaseAuditor._has_hdr_metadata | D51: Method | E51: Checks if a video stream has HDR metadata. | G51: Not Started | H51: Medium
B52: vsg_core/postprocess/auditors/base.py | C52: BaseAuditor.run | D52: Method | E52: Main entry point for the auditor. Must be implemented by subclasses. | F52: Error handling, FFmpeg integration, MKVToolNix integration, Path handling | G52: Not Started | H52: High
B53: vsg_core/postprocess/auditors/chapters.py | C53: ChaptersAuditor | D53: Class | E53: Verifies chapters were preserved and processed correctly. | G53: Not Started | H53: High
B54: vsg_core/postprocess/auditors/chapters.py | C54: ChaptersAuditor._check_for_duplicates | D54: Method | E54: Check for duplicate chapter start times. | F54: Logging | G54: Not Started | H54: Medium
B55: vsg_core/postprocess/auditors/chapters.py | C55: ChaptersAuditor._check_timestamp_sanity | D55: Method | E55: Basic timestamp sanity checks. | F55: Logging | G55: Not Started | H55: Medium
B56: vsg_core/postprocess/auditors/chapters.py | C56: ChaptersAuditor._compare_timestamps | D56: Method | E56: Compare timestamps between processed and final chapters. | F56: Logging | G56: Not Started | H56: Medium
B57: vsg_core/postprocess/auditors/chapters.py | C57: ChaptersAuditor._count_chapters | D57: Method | E57: Count ChapterAtom elements in XML. | F57: Error handling | G57: Not Started | H57: Medium
B58: vsg_core/postprocess/auditors/chapters.py | C58: ChaptersAuditor._extract_chapters | D58: Method | E58: Extract chapters XML from a file, return None if no chapters. | F58: Error handling, Logging, MKVToolNix integration, Path handling | G58: Not Started | H58: Medium
B59: vsg_core/postprocess/auditors/chapters.py | C59: ChaptersAuditor._get_xpath_and_nsmap | D59: Method | E59: Detects if a namespace is used and returns the appropriate xpath prefix and nsmap. | F59: Path handling | G59: Not Started | H59: Medium
B60: vsg_core/postprocess/auditors/chapters.py | C60: ChaptersAuditor._verify_processed_chapters | D60: Method | E60: Verify that the processed chapters made it into the final file. | F60: Error handling, Logging, Path handling | G60: Not Started | H60: Medium
B61: vsg_core/postprocess/auditors/chapters.py | C61: ChaptersAuditor._verify_rename_applied | D61: Method | E61: Verify chapters were renamed to 'Chapter NN' format. | F61: Logging | G61: Not Started | H61: Medium
B62: vsg_core/postprocess/auditors/chapters.py | C62: ChaptersAuditor._verify_unprocessed_chapters | D62: Method | E62: Verify chapters when processing was NOT enabled. | F62: Error handling, Logging | G62: Not Started | H62: Medium
B63: vsg_core/postprocess/auditors/chapters.py | C63: ChaptersAuditor.run | D63: Method | E63: Audits chapters: | F63: Logging, FFmpeg integration, MKVToolNix integration, Path handling | G63: Not Started | H63: High
B64: vsg_core/postprocess/auditors/codec_integrity.py | C64: CodecIntegrityAuditor | D64: Class | E64: Ensures codecs weren't accidentally transcoded during muxing. | G64: Not Started | H64: High
B65: vsg_core/postprocess/auditors/codec_integrity.py | C65: CodecIntegrityAuditor.run | D65: Method | E65: Verifies codecs match expectations, accounting for intentional conversions. | F65: Logging, FFmpeg integration, MKVToolNix integration, Path handling | G65: Not Started | H65: High
B66: vsg_core/postprocess/auditors/dolby_vision.py | C66: DolbyVisionAuditor | D66: Class | E66: Detailed Dolby Vision metadata check. | G66: Not Started | H66: High
B67: vsg_core/postprocess/auditors/dolby_vision.py | C67: DolbyVisionAuditor.run | D67: Method | E67: Audits Dolby Vision metadata. | F67: Logging, FFmpeg integration, MKVToolNix integration, Path handling | G67: Not Started | H67: High
B68: vsg_core/postprocess/auditors/global_shift.py | C68: GlobalShiftAuditor | D68: Class | E68: Verifies global shift was applied correctly to all tracks. | G68: Not Started | H68: High
B69: vsg_core/postprocess/auditors/global_shift.py | C69: GlobalShiftAuditor.run | D69: Method | E69: Audits global shift application. | F69: Handles single file mode, Logging, FFmpeg integration, MKVToolNix integration, Path handling | G69: Not Started | H69: High
B70: vsg_core/postprocess/auditors/language_tags.py | C70: LanguageTagsAuditor | D70: Class | E70: Verifies language tags were preserved correctly. | G70: Not Started | H70: High
B71: vsg_core/postprocess/auditors/language_tags.py | C71: LanguageTagsAuditor.run | D71: Method | E71: Audits language tags, respecting custom language overrides. | F71: Logging, FFmpeg integration, MKVToolNix integration, Path handling | G71: Not Started | H71: High
B72: vsg_core/postprocess/auditors/stepping_correction.py | C72: SteppingCorrectionAuditor | D72: Class | E72: Verifies stepping corrections were applied correctly and audits quality metrics. | G72: Not Started | H72: High
B73: vsg_core/postprocess/auditors/stepping_correction.py | C73: SteppingCorrectionAuditor._add_quality_issue | D73: Method | E73: Add a quality issue to the context for reporting. | G73: Not Started | H73: Medium
B74: vsg_core/postprocess/auditors/stepping_correction.py | C74: SteppingCorrectionAuditor.run | D74: Method | E74: Audits stepping corrections. | F74: Logging, FFmpeg integration, MKVToolNix integration, Path handling, UI component | G74: Not Started | H74: High
B75: vsg_core/postprocess/auditors/track_flags.py | C75: TrackFlagsAuditor | D75: Class | E75: Audits default and forced track flags. | G75: Not Started | H75: High
B76: vsg_core/postprocess/auditors/track_flags.py | C76: TrackFlagsAuditor.run | D76: Method | E76: Compares expected vs actual flags and logs warnings. | F76: Supports batch processing, Logging, FFmpeg integration, MKVToolNix integration, Path handling | G76: Not Started | H76: High
B77: vsg_core/postprocess/auditors/track_names.py | C77: TrackNamesAuditor | D77: Class | E77: Verifies track names match expectations when custom names or apply_track_name is enabled. | G77: Not Started | H77: High
B78: vsg_core/postprocess/auditors/track_names.py | C78: TrackNamesAuditor.run | D78: Method | E78: Audits track names. | F78: Logging, FFmpeg integration, MKVToolNix integration, Path handling | G78: Not Started | H78: High
B79: vsg_core/postprocess/auditors/track_order.py | C79: TrackOrderAuditor | D79: Class | E79: Ensures tracks appear in the expected order (video → audio → subtitles). | G79: Not Started | H79: High
B80: vsg_core/postprocess/auditors/track_order.py | C80: TrackOrderAuditor.run | D80: Method | E80: Audits track order. | F80: Logging, FFmpeg integration, MKVToolNix integration, Path handling | G80: Not Started | H80: High
B81: vsg_core/postprocess/auditors/video_metadata.py | C81: VideoMetadataAuditor | D81: Class | E81: Comprehensive check of video metadata preservation. | G81: Not Started | H81: High
B82: vsg_core/postprocess/auditors/video_metadata.py | C82: VideoMetadataAuditor._get_chroma_subsampling | D82: Method | E82: Extract chroma subsampling pattern from pixel format string. | G82: Not Started | H82: Medium
B83: vsg_core/postprocess/auditors/video_metadata.py | C83: VideoMetadataAuditor.run | D83: Method | E83: Audits video core metadata (HDR, 3D, Color). | F83: Logging, FFmpeg integration, MKVToolNix integration, Path handling | G83: Not Started | H83: High
B84: vsg_core/postprocess/chapter_backup.py | C84: extract_chapters_xml | D84: Function | E84: Extract chapters XML from MKV file, return XML content or None if no chapters. | F84: Error handling, Logging, MKVToolNix integration, Path handling | G84: Not Started | H84: Medium
B85: vsg_core/postprocess/chapter_backup.py | C85: inject_chapters | D85: Function | E85: Inject chapters XML back into MKV file. | F85: Error handling, Logging, Path handling | G85: Not Started | H85: Medium
B86: vsg_core/postprocess/chapter_backup.py | C86: merge_chapter_languages | D86: Function | E86: Update timestamps in original chapters XML using timestamps from normalized XML. | F86: Error handling, Logging, Path handling | G86: Not Started | H86: Medium
B87: vsg_core/postprocess/final_auditor.py | C87: FinalAuditor | D87: Class | E87: Comprehensive post-merge validation orchestrator. | G87: Not Started | H87: High
B88: vsg_core/postprocess/final_auditor.py | C88: FinalAuditor.__init__ | D88: Method | E88: Method of FinalAuditor | F88: Caching support, Logging, FFmpeg integration, MKVToolNix integration | G88: Not Started | H88: High
B89: vsg_core/postprocess/final_auditor.py | C89: FinalAuditor._audit_framelocked_stats | D89: Method | E89: Audit FrameLocked subtitle sync quality - report actual final duration changes. | F89: Logging | G89: Not Started | H89: Medium
B90: vsg_core/postprocess/final_auditor.py | C90: FinalAuditor._get_metadata | D90: Method | E90: Gets metadata using either mkvmerge or ffprobe with enhanced probing for large delays. | F90: Error handling, Logging, FFmpeg integration, MKVToolNix integration, JSON handling | G90: Not Started | H90: Medium
B91: vsg_core/postprocess/final_auditor.py | C91: FinalAuditor.run | D91: Method | E91: Comprehensive audit of the final file - checks everything but modifies nothing. | F91: Caching support, Error handling, Logging, FFmpeg integration, MKVToolNix integration | G91: Not Started | H91: High
B92: vsg_core/postprocess/finalizer.py | C92: check_if_rebasing_is_needed | D92: Function | E92: Uses ffprobe to check if the first video packet's timestamp is non-zero. | F92: Fallback handling, Error handling, Logging, FFmpeg integration, Path handling | G92: Not Started | H92: Medium
B93: vsg_core/postprocess/finalizer.py | C93: finalize_merged_file | D93: Function | E93: Post-merge finalization with chapter language preservation. | F93: Logging, FFmpeg integration, Path handling | G93: Not Started | H93: Medium

Sheet Main Window & Workers
A1: Done | B1: File Path | C1: Function/Class/Feature | D1: Type | E1: Description | F1: Features | G1: Status | H1: Priority | I1: Dependencies | J1: Notes | K1: New Implementation Path
B2: vsg_qt/main_window/__init__.py | C2: __init__ | D2: Module | E2: Module initialization/configuration | G2: Not Started | H2: High
B3: vsg_qt/main_window/controller.py | C3: MainController | D3: Class | E3: Class definition | G3: Not Started | H3: High
B4: vsg_qt/main_window/controller.py | C4: MainController.__init__ | D4: Method | E4: Method of MainController | F4: Logging, UI component | G4: Not Started | H4: High
B5: vsg_qt/main_window/controller.py | C5: MainController._archive_logs_for_batch | D5: Method | E5: Method of MainController | F5: Supports batch processing, Error handling, Logging, Path handling | G5: Not Started | H5: Medium
B6: vsg_qt/main_window/controller.py | C6: MainController._run_configured_jobs | D6: Method | E6: Method of MainController | F6: Supports batch processing, Path handling | G6: Not Started | H6: High
B7: vsg_qt/main_window/controller.py | C7: MainController._start_worker | D7: Method | E7: Method of MainController | F7: Supports batch processing, Multi-threaded, Logging, Path handling, Qt signals | G7: Not Started | H7: Medium
B8: vsg_qt/main_window/controller.py | C8: MainController.append_log | D8: Method | E8: Method of MainController | F8: Logging | G8: Not Started | H8: Medium
B9: vsg_qt/main_window/controller.py | C9: MainController.apply_config_to_ui | D9: Method | E9: Method of MainController | F9: Logging, Path handling | G9: Not Started | H9: Medium
B10: vsg_qt/main_window/controller.py | C10: MainController.batch_finished | D10: Method | E10: Method of MainController | F10: Handles single file mode, Supports batch processing, Logging, Path handling, UI component | G10: Not Started | H10: Medium
B11: vsg_qt/main_window/controller.py | C11: MainController.browse_for_path | D11: Method | E11: Method of MainController | F11: Logging, Path handling, UI component | G11: Not Started | H11: Medium
B12: vsg_qt/main_window/controller.py | C12: MainController.job_finished | D12: Method | E12: Method of MainController | F12: Logging | G12: Not Started | H12: Medium
B13: vsg_qt/main_window/controller.py | C13: MainController.on_close | D13: Method | E13: Method of MainController | F13: Logging, Qt signals | G13: Not Started | H13: Medium
B14: vsg_qt/main_window/controller.py | C14: MainController.open_job_queue | D14: Method | E14: Method of MainController | F14: Logging, UI component | G14: Not Started | H14: Medium
B15: vsg_qt/main_window/controller.py | C15: MainController.open_options_dialog | D15: Method | E15: Method of MainController | F15: Logging, UI component | G15: Not Started | H15: Medium
... B17: vsg_qt/main_window/controller.py | C17: MainController.start_batch_analyze_only | D17: Method | E17: Method of MainController | F17: Supports batch processing, Error handling, Path handling | G17: Not Started | H17: Medium
B18: vsg_qt/main_window/controller.py | C18: MainController.update_progress | D18: Method | E18: Method of MainController | G18: Not Started | H18: Medium
B19: vsg_qt/main_window/controller.py | C19: MainController.update_status | D19: Method | E19: Method of MainController | G19: Not Started | H19: Medium
B20: vsg_qt/main_window/window.py | C20: MainWindow | D20: Class | E20: Slim UI shell: builds widgets & delegates logic to MainController. | G20: Not Started | H20: High
B21: vsg_qt/main_window/window.py | C21: MainWindow.__init__ | D21: Method | E21: Method of MainWindow | F21: UI component | G21: Not Started | H21: High
B22: vsg_qt/main_window/window.py | C22: MainWindow._build_ui | D22: Method | E22: Method of MainWindow | F22: Supports batch processing, Logging, Path handling, Qt signals, UI component | G22: Not Started | H22: Medium
B23: vsg_qt/main_window/window.py | C23: MainWindow._create_file_input | D23: Method | E23: Method of MainWindow | F23: UI component | G23: Not Started | H23: Medium
B24: vsg_qt/main_window/window.py | C24: MainWindow.closeEvent | D24: Method | E24: Method of MainWindow | G24: Not Started | H24: Medium
B25: vsg_qt/worker/__init__.py | C25: __init__ | D25: Module | E25: Module initialization/configuration | G25: Not Started | H25: High
B26: vsg_qt/worker/runner.py | C26: JobWorker | D26: Class | E26: Class definition | G26: Not Started | H26: High
B27: vsg_qt/worker/runner.py | C27: JobWorker.__init__ | D27: Method | E27: Method of JobWorker | F27: Qt signals | G27: Not Started | H27: High
B28: vsg_qt/worker/runner.py | C28: JobWorker._safe_finished_all | D28: Method | E28: Safely emit all jobs finished signal, handling case where signals are deleted during GUI shutdown. | F28: Error handling, Qt signals | G28: Not Started | H28: Medium
B29: vsg_qt/worker/runner.py | C29: JobWorker._safe_finished_job | D29: Method | E29: Safely emit job finished signal, handling case where signals are deleted during GUI shutdown. | F29: Error handling, Qt signals | G29: Not Started | H29: Medium
B30: vsg_qt/worker/runner.py | C30: JobWorker._safe_log | D30: Method | E30: Safely emit log message, handling case where signals are deleted during GUI shutdown. | F30: Error handling, Logging, Qt signals | G30: Not Started | H30: Medium
B31: vsg_qt/worker/runner.py | C31: JobWorker._safe_progress | D31: Method | E31: Safely emit progress update, handling case where signals are deleted during GUI shutdown. | F31: Error handling, Qt signals | G31: Not Started | H31: Medium
B32: vsg_qt/worker/runner.py | C32: JobWorker._safe_status | D32: Method | E32: Safely emit status update, handling case where signals are deleted during GUI shutdown. | F32: Error handling, Qt signals | G32: Not Started | H32: Medium
B33: vsg_qt/worker/runner.py | C33: JobWorker.cancel | D33: Method | E33: Request cancellation of this worker. | G33: Not Started | H33: Medium
B34: vsg_qt/worker/runner.py | C34: JobWorker.run | D34: Method | E34: Method of JobWorker | F34: Supports batch processing, Error handling, Logging, Path handling | G34: Not Started | H34: High
B35: vsg_qt/worker/signals.py | C35: WorkerSignals | D35: Class | E35: Defines the signals available from a running worker thread. | G35: Not Started | H35: High

Sheet Dialogs
A1: Done | B1: File Path | C1: Function/Class/Feature | D1: Type | E1: Description | F1: Features | G1: Status | H1: Priority | I1: Dependencies | J1: Notes | K1: New Implementation Path
B2: vsg_qt/add_job_dialog/__init__.py | C2: __init__ | D2: Module | E2: Module initialization/configuration | G2: Not Started | H2: High
B3: vsg_qt/add_job_dialog/ui.py | C3: AddJobDialog | D3: Class | E3: A dialog for dynamically adding sources to discover jobs. | G3: Not Started | H3: High
B4: vsg_qt/add_job_dialog/ui.py | C4: SourceInputWidget | D4: Class | E4: A self-contained widget for a single source input row that handles drag-and-drop. | G4: Not Started | H4: High
B5: vsg_qt/add_job_dialog/ui.py | C5: AddJobDialog.__init__ | D5: Method | E5: Method of AddJobDialog | F5: UI component | G5: Not Started | H5: High
B6: vsg_qt/add_job_dialog/ui.py | C6: AddJobDialog._build_ui | D6: Method | E6: Method of AddJobDialog | F6: Logging, UI component | G6: Not Started | H6: Medium
B7: vsg_qt/add_job_dialog/ui.py | C7: AddJobDialog.add_source_input | D7: Method | E7: Adds a new SourceInputWidget to the dialog. | F7: Logging, UI component | G7: Not Started | H7: Medium
B8: vsg_qt/add_job_dialog/ui.py | C8: AddJobDialog.find_and_accept | D8: Method | E8: Discover jobs from paths and accept the dialog if any are found. | F8: Error handling, Logging, Path handling, UI component | G8: Not Started | H8: Medium
B9: vsg_qt/add_job_dialog/ui.py | C9: AddJobDialog.get_discovered_jobs | D9: Method | E9: Method of AddJobDialog | G9: Not Started | H9: Medium
B10: vsg_qt/add_job_dialog/ui.py | C10: AddJobDialog.populate_sources_from_paths | D10: Method | E10: Pre-fills the source inputs from a list of paths. | F10: Path handling, UI component | G10: Not Started | H10: Medium
B11: vsg_qt/add_job_dialog/ui.py | C11: SourceInputWidget.__init__ | D11: Method | E11: Method of SourceInputWidget | F11: Path handling, UI component | G11: Not Started | H11: High
B12: vsg_qt/add_job_dialog/ui.py | C12: SourceInputWidget._browse_for_path | D12: Method | E12: Method of SourceInputWidget | F12: Logging, Path handling, UI component | G12: Not Started | H12: Medium
B13: vsg_qt/add_job_dialog/ui.py | C13: SourceInputWidget.dragEnterEvent | D13: Method | E13: Method of SourceInputWidget | G13: Not Started | H13: Medium
B14: vsg_qt/add_job_dialog/ui.py | C14: SourceInputWidget.dropEvent | D14: Method | E14: Method of SourceInputWidget | F14: Path handling | G14: Not Started | H14: Medium
B15: vsg_qt/add_job_dialog/ui.py | C15: SourceInputWidget.text | D15: Method | E15: Method of SourceInputWidget | G15: Not Started | H15: Medium
B16: vsg_qt/favorites_dialog/__init__.py | C16: __init__ | D16: Module | E16: Module initialization/configuration | G16: Not Started | H16: High
B17: vsg_qt/favorites_dialog/ui.py | C17: ColorSwatchWidget | D17: Class | E17: A small widget that displays a color swatch. | G17: Not Started | H17: High
B18: vsg_qt/favorites_dialog/ui.py | C18: FavoritesManagerDialog | D18: Class | E18: Dialog for managing favorite colors. | G18: Not Started | H18: High
B19: vsg_qt/favorites_dialog/ui.py | C19: ColorSwatchWidget.__init__ | D19: Method | E19: Method of ColorSwatchWidget | G19: Not Started | H19: High
B20: vsg_qt/favorites_dialog/ui.py | C20: ColorSwatchWidget.set_color | D20: Method | E20: Method of ColorSwatchWidget | G20: Not Started | H20: Medium
B21: vsg_qt/favorites_dialog/ui.py | C21: FavoritesManagerDialog.__init__ | D21: Method | E21: Method of FavoritesManagerDialog | F21: Qt signals, UI component | G21: Not Started | H21: High
B22: vsg_qt/favorites_dialog/ui.py | C22: FavoritesManagerDialog._build_ui | D22: Method | E22: Method of FavoritesManagerDialog | F22: UI component | G22: Not Started | H22: Medium
B23: vsg_qt/favorites_dialog/ui.py | C23: FavoritesManagerDialog._connect_signals | D23: Method | E23: Method of FavoritesManagerDialog | F23: Qt signals | G23: Not Started | H23: Medium
B24: vsg_qt/favorites_dialog/ui.py | C24: FavoritesManagerDialog._on_add_color | D24: Method | E24: Add a new favorite color. | F24: Logging, UI component | G24: Not Started | H24: Medium
B25: vsg_qt/favorites_dialog/ui.py | C25: FavoritesManagerDialog._on_delete | D25: Method | E25: Delete the selected favorite. | G25: Not Started | H25: Medium
B26: vsg_qt/favorites_dialog/ui.py | C26: FavoritesManagerDialog._on_edit_changed | D26: Method | E26: Handle changes in the edit fields. | G26: Not Started | H26: Medium
B27: vsg_qt/favorites_dialog/ui.py | C27: FavoritesManagerDialog._on_pick_color | D27: Method | E27: Open color dialog to change the selected favorite's color. | F27: Logging, UI component | G27: Not Started | H27: Medium
B28: vsg_qt/favorites_dialog/ui.py | C28: FavoritesManagerDialog._on_save_edit | D28: Method | E28: Save changes to the selected favorite. | G28: Not Started | H28: Medium
B29: vsg_qt/favorites_dialog/ui.py | C29: FavoritesManagerDialog._on_selection_changed | D29: Method | E29: Handle selection change in the favorites list. | F29: Qt signals, UI component | G29: Not Started | H29: Medium
B30: vsg_qt/favorites_dialog/ui.py | C30: FavoritesManagerDialog._refresh_list | D30: Method | E30: Refresh the list of favorites. | F30: UI component | G30: Not Started | H30: Medium
B31: vsg_qt/font_manager_dialog/__init__.py | C31: __init__ | D31: Module | E31: Module initialization/configuration | G31: Not Started | H31: High
B32: vsg_qt/font_manager_dialog/ui.py | C32: FontManagerDialog | D32: Class | E32: Dialog for managing font replacements in subtitle files. | G32: Not Started | H32: High
B33: vsg_qt/font_manager_dialog/ui.py | C33: FontManagerDialog.__init__ | D33: Method | E33: Method of FontManagerDialog | F33: Path handling, Qt signals, UI component | G33: Not Started | H33: High
B34: vsg_qt/font_manager_dialog/ui.py | C34: FontManagerDialog._add_replacement | D34: Method | E34: Add a font replacement for the selected style. | F34: Error handling, Path handling | G34: Not Started | H34: Medium
B35: vsg_qt/font_manager_dialog/ui.py | C35: FontManagerDialog._build_ui | D35: Method | E35: Method of FontManagerDialog | F35: UI component | G35: Not Started | H35: Medium
B36: vsg_qt/font_manager_dialog/ui.py | C36: FontManagerDialog._clear_all_replacements | D36: Method | E36: Clear all replacements. | G36: Not Started | H36: Medium
B37: vsg_qt/font_manager_dialog/ui.py | C37: FontManagerDialog._connect_signals | D37: Method | E37: Method of FontManagerDialog | F37: Qt signals | G37: Not Started | H37: Medium
B38: vsg_qt/font_manager_dialog/ui.py | C38: FontManagerDialog._get_styles_from_subtitle | D38: Method | E38: Get style names and their fonts from the subtitle file. | F38: Error handling, Path handling | G38: Not Started | H38: Medium
B39: vsg_qt/font_manager_dialog/ui.py | C39: FontManagerDialog._on_file_font_selected | D39: Method | E39: Handle selection in styles tree. | G39: Not Started | H39: Medium
B40: vsg_qt/font_manager_dialog/ui.py | C40: FontManagerDialog._on_ok | D40: Method | E40: Handle OK button - validate and accept. | F40: Includes validation, Error handling | G40: Not Started | H40: Medium
B41: vsg_qt/font_manager_dialog/ui.py | C41: FontManagerDialog._on_replacement_selected | D41: Method | E41: Handle selection in replacements tree. | G41: Not Started | H41: Medium
B42: vsg_qt/font_manager_dialog/ui.py | C42: FontManagerDialog._on_user_font_selected | D42: Method | E42: Handle selection in user fonts tree. | F42: Path handling | G42: Not Started | H42: Medium
B43: vsg_qt/font_manager_dialog/ui.py | C43: FontManagerDialog._open_fonts_folder | D43: Method | E43: Open the fonts folder in the system file manager. | F43: Subprocess execution | G43: Not Started | H43: Medium
B44: vsg_qt/font_manager_dialog/ui.py | C44: FontManagerDialog._refresh_data | D44: Method | E44: Refresh all data displays. | G44: Not Started | H44: Medium
B45: vsg_qt/font_manager_dialog/ui.py | C45: FontManagerDialog._refresh_file_fonts | D45: Method | E45: Refresh the styles-in-file tree. | F45: UI component | G45: Not Started | H45: Medium
B46: vsg_qt/font_manager_dialog/ui.py | C46: FontManagerDialog._refresh_replacements | D46: Method | E46: Refresh the replacements tree. | F46: UI component | G46: Not Started | H46: Medium
B47: vsg_qt/font_manager_dialog/ui.py | C47: FontManagerDialog._refresh_user_fonts | D47: Method | E47: Refresh the user fonts tree. | F47: Supports batch processing, Caching support, Path handling, UI component | G47: Not Started | H47: Medium
B48: vsg_qt/font_manager_dialog/ui.py | C48: FontManagerDialog._remove_replacement | D48: Method | E48: Remove the selected replacement. | G48: Not Started | H48: Medium
B49: vsg_qt/font_manager_dialog/ui.py | C49: FontManagerDialog._update_combos | D49: Method | E49: Update the combo boxes. | G49: Not Started | H49: Medium
B50: vsg_qt/font_manager_dialog/ui.py | C50: FontManagerDialog.get_replacements | D50: Method | E50: Get the configured font replacements. | G50: Not Started | H50: Medium
B51: vsg_qt/generated_track_dialog/__init__.py | C51: __init__ | D51: Module | E51: Module initialization/configuration | G51: Not Started | H51: High
B52: vsg_qt/generated_track_dialog/ui.py | C52: GeneratedTrackDialog | D52: Class | E52: Dialog for selecting which subtitle styles to include/exclude | G52: Not Started | H52: High
B53: vsg_qt/generated_track_dialog/ui.py | C53: GeneratedTrackDialog.__init__ | D53: Method | E53: Method of GeneratedTrackDialog | F53: UI component | G53: Not Started | H53: High
B54: vsg_qt/generated_track_dialog/ui.py | C54: GeneratedTrackDialog._apply_existing_config | D54: Method | E54: Apply existing configuration when editing a generated track. | G54: Not Started | H54: Medium
B55: vsg_qt/generated_track_dialog/ui.py | C55: GeneratedTrackDialog._build_ui | D55: Method | E55: Build the dialog UI. | F55: Logging, UI component | G55: Not Started | H55: Medium
B56: vsg_qt/generated_track_dialog/ui.py | C56: GeneratedTrackDialog._deselect_all_styles | D56: Method | E56: Uncheck all style checkboxes. | G56: Not Started | H56: Medium
B57: vsg_qt/generated_track_dialog/ui.py | C57: GeneratedTrackDialog._get_selected_styles | D57: Method | E57: Get list of currently selected style names. | G57: Not Started | H57: Medium
B58: vsg_qt/generated_track_dialog/ui.py | C58: GeneratedTrackDialog._load_styles | D58: Method | E58: Load available styles from the source subtitle file. | F58: Error handling, Path handling, UI component | G58: Not Started | H58: Medium
B59: vsg_qt/generated_track_dialog/ui.py | C59: GeneratedTrackDialog._on_accept | D59: Method | E59: Validate and save the configuration when user clicks OK. | F59: Includes validation | G59: Not Started | H59: Medium
B60: vsg_qt/generated_track_dialog/ui.py | C60: GeneratedTrackDialog._select_all_styles | D60: Method | E60: Check all style checkboxes. | G60: Not Started | H60: Medium
B61: vsg_qt/generated_track_dialog/ui.py | C61: GeneratedTrackDialog._update_preview | D61: Method | E61: Update the preview label showing what will be filtered. | G61: Not Started | H61: Medium
B62: vsg_qt/generated_track_dialog/ui.py | C62: GeneratedTrackDialog.get_filter_config | D62: Method | E62: Get the filter configuration if dialog was accepted. | F62: Includes validation, Logging, UI component | G62: Not Started | H62: Medium
B63: vsg_qt/job_queue_dialog/__init__.py | C63: __init__ | D63: Module | E63: Module initialization/configuration | G63: Not Started | H63: High
B64: vsg_qt/job_queue_dialog/logic.py | C64: JobQueueLogic | D64: Class | E64: Class definition | G64: Not Started | H64: High
B65: vsg_qt/job_queue_dialog/logic.py | C65: natural_sort_key | D65: Function | E65: Module-level function | G65: Not Started | H65: Medium
B66: vsg_qt/job_queue_dialog/logic.py | C66: JobQueueLogic.__init__ | D66: Method | E66: Method of JobQueueLogic | F66: Logging, FFmpeg integration, MKVToolNix integration, Path handling, UI component | G66: Not Started | H66: High
B67: vsg_qt/job_queue_dialog/logic.py | C67: JobQueueLogic._convert_enhanced_to_dialog_format | D67: Method | E67: Method of JobQueueLogic | F67: Logging, UI component | G67: Not Started | H67: Medium
B68: vsg_qt/job_queue_dialog/logic.py | C68: JobQueueLogic._get_track_info_for_job | D68: Method | E68: Retrieves and caches track info for a job. | F68: Caching support, Error handling, Logging, Path handling, UI component | G68: Not Started | H68: Medium
B69: vsg_qt/job_queue_dialog/logic.py | C69: JobQueueLogic._replace_paths_in_layout | D69: Method | E69: Creates a new layout with file paths updated for the target job. | F69: Logging, Path handling, UI component | G69: Not Started | H69: Medium
B70: vsg_qt/job_queue_dialog/logic.py | C70: JobQueueLogic._update_row | D70: Method | E70: Updates a single row based on its on-disk and in-memory state. | F70: Includes validation, Logging, Path handling, UI component | G70: Not Started | H70: Medium
B71: vsg_qt/job_queue_dialog/logic.py | C71: JobQueueLogic._validate_generated_tracks | D71: Method | E71: Validates that generated tracks in the layout have valid style filters. | F71: Includes validation, Error handling, Logging, Path handling, UI component | G71: Not Started | H71: Medium
B72: vsg_qt/job_queue_dialog/logic.py | C72: JobQueueLogic._validate_style_edits | D72: Method | E72: Validates that style_patch and font_replacements reference styles that exist in the target file. | F72: Includes validation, Error handling, Path handling | G72: Not Started | H72: Medium
B73: vsg_qt/job_queue_dialog/logic.py | C73: JobQueueLogic._validate_sync_exclusions | D73: Method | E73: Validates that sync exclusion styles in the layout match the current file. | F73: Includes validation, Error handling, Path handling | G73: Not Started | H73: Medium
B74: vsg_qt/job_queue_dialog/logic.py | C74: JobQueueLogic.add_jobs | D74: Method | E74: Initializes and adds new jobs to the queue. | F74: Path handling | G74: Not Started | H74: Medium
B75: vsg_qt/job_queue_dialog/logic.py | C75: JobQueueLogic.add_jobs_from_dialog | D75: Method | E75: Method of JobQueueLogic | F75: Logging, UI component | G75: Not Started | H75: Medium
B76: vsg_qt/job_queue_dialog/logic.py | C76: JobQueueLogic.configure_job_at_row | D76: Method | E76: Opens the ManualSelectionDialog and saves the result to disk. | F76: Logging, UI component | G76: Not Started | H76: Medium
B77: vsg_qt/job_queue_dialog/logic.py | C77: JobQueueLogic.copy_layout | D77: Method | E77: Loads a configured layout from disk into the in-memory clipboard. | F77: Logging, Path handling | G77: Not Started | H77: Medium
... B80: vsg_qt/job_queue_dialog/logic.py | C80: JobQueueLogic.populate_table | D80: Method | E80: Fills the QTableWidget with the current list of jobs. | F80: UI component | G80: Not Started | H80: Medium
B81: vsg_qt/job_queue_dialog/logic.py | C81: JobQueueLogic.remove_selected_jobs | D81: Method | E81: Removes selected jobs and deletes their layout files. | G81: Not Started | H81: Medium
B82: vsg_qt/job_queue_dialog/ui.py | C82: JobQueueDialog | D82: Class | E82: Class definition | G82: Not Started | H82: High
B83: vsg_qt/job_queue_dialog/ui.py | C83: JobQueueDialog.__init__ | D83: Method | E83: Method of JobQueueDialog | F83: Logging, Qt signals, UI component | G83: Not Started | H83: High
B84: vsg_qt/job_queue_dialog/ui.py | C84: JobQueueDialog._build_ui | D84: Method | E84: Method of JobQueueDialog | F84: Logging, UI component | G84: Not Started | H84: Medium
B85: vsg_qt/job_queue_dialog/ui.py | C85: JobQueueDialog._connect_signals | D85: Method | E85: Method of JobQueueDialog | F85: Logging, Qt signals, UI component | G85: Not Started | H85: Medium
B86: vsg_qt/job_queue_dialog/ui.py | C86: JobQueueDialog._show_context_menu | D86: Method | E86: Method of JobQueueDialog | F86: Logging | G86: Not Started | H86: Medium
B87: vsg_qt/job_queue_dialog/ui.py | C87: JobQueueDialog.dragEnterEvent | D87: Method | E87: Method of JobQueueDialog | G87: Not Started | H87: Medium
B88: vsg_qt/job_queue_dialog/ui.py | C88: JobQueueDialog.dropEvent | D88: Method | E88: Method of JobQueueDialog | F88: Logging, Path handling, UI component | G88: Not Started | H88: Medium
B89: vsg_qt/job_queue_dialog/ui.py | C89: JobQueueDialog.get_final_jobs | D89: Method | E89: Method of JobQueueDialog | F89: Logging | G89: Not Started | H89: Medium
B90: vsg_qt/job_queue_dialog/ui.py | C90: JobQueueDialog.move_selected_jobs | D90: Method | E90: Method of JobQueueDialog | F90: Logging | G90: Not Started | H90: Medium
B91: vsg_qt/job_queue_dialog/ui.py | C91: JobQueueDialog.populate_table | D91: Method | E91: Method of JobQueueDialog | F91: Logging | G91: Not Started | H91: Medium
B92: vsg_qt/manual_selection_dialog/__init__.py | C92: __init__ | D92: Module | E92: Module initialization/configuration | G92: Not Started | H92: High
B93: vsg_qt/manual_selection_dialog/logic.py | C93: ManualLogic | D93: Class | E93: A controller instance for the ManualSelectionDialog. | G93: Not Started | H93: High
B94: vsg_qt/manual_selection_dialog/logic.py | C94: ManualLogic.__init__ | D94: Method | E94: Method of ManualLogic | F94: Logging, UI component | G94: Not Started | H94: High
B95: vsg_qt/manual_selection_dialog/logic.py | C95: ManualLogic.build_layout_from_widgets | D95: Method | E95: Creates the final layout data structure from the UI widgets. | F95: Logging, UI component | G95: Not Started | H95: Medium
B96: vsg_qt/manual_selection_dialog/logic.py | C96: ManualLogic.get_final_layout_and_attachments | D96: Method | E96: Builds the layout from widgets and gets selected attachment sources. | F96: UI component | G96: Not Started | H96: Medium
B97: vsg_qt/manual_selection_dialog/logic.py | C97: ManualLogic.is_blocked_video | D97: Method | E97: Video is only allowed from Source 1. | G97: Not Started | H97: Medium
B98: vsg_qt/manual_selection_dialog/logic.py | C98: ManualLogic.normalize_forced_subtitles | D98: Method | E98: Ensures at most one 'Forced' flag is set for subtitles. | F98: Logging, UI component | G98: Not Started | H98: Medium
B99: vsg_qt/manual_selection_dialog/logic.py | C99: ManualLogic.normalize_single_default_for_type | D99: Method | E99: Ensures only one 'Default' flag is set per track type. | F99: Logging, UI component | G99: Not Started | H99: Medium
B100: vsg_qt/manual_selection_dialog/logic.py | C100: ManualLogic.prepopulate_from_layout | D100: Method | E100: Populates the final list using a previously configured layout. | F100: Includes validation, UI component | G100: Not Started | H100: Medium
B101: vsg_qt/manual_selection_dialog/ui.py | C101: ManualSelectionDialog | D101: Class | E101: Class definition | G101: Not Started | H101: High
B102: vsg_qt/manual_selection_dialog/ui.py | C102: ManualSelectionDialog.__init__ | D102: Method | E102: Method of ManualSelectionDialog | F102: Logging, Qt signals, UI component | G102: Not Started | H102: High
...

Sheet Widgets & Components
A1: Done | B1: File Path | C1: Function/Class/Feature | D1: Type | E1: Description | F1: Features | G1: Status | H1: Priority | I1: Dependencies | J1: Notes | K1: New Implementation Path
B2: vsg_qt/__init__.py | C2: __init__ | D2: Module | E2: Module initialization/configuration | G2: Not Started | H2: High
B3: vsg_qt/track_widget/__init__.py | C3: __init__ | D3: Module | E3: Module initialization/configuration | G3: Not Started | H3: High
B4: vsg_qt/track_widget/helpers.py | C4: build_summary_text | D4: Function | E4: Compose the grey inline summary line. `w` is the TrackWidget instance. | F4: Path handling, UI component | G4: Not Started | H4: Medium
B5: vsg_qt/track_widget/helpers.py | C5: compose_label_text | D5: Function | E5: Build the row label with badges. `w` is the TrackWidget instance. | F5: Path handling, UI component | G5: Not Started | H5: Medium
B6: vsg_qt/track_widget/logic.py | C6: TrackWidgetLogic | D6: Class | E6: Class definition | G6: Not Started | H6: High
B7: vsg_qt/track_widget/logic.py | C7: TrackWidgetLogic.__init__ | D7: Method | E7: Method of TrackWidgetLogic | F7: UI component | G7: Not Started | H7: High
B8: vsg_qt/track_widget/logic.py | C8: TrackWidgetLogic.get_config | D8: Method | E8: Returns the current configuration from the widget's controls. | F8: Error handling, Path handling, UI component | G8: Not Started | H8: Medium
B9: vsg_qt/track_widget/logic.py | C9: TrackWidgetLogic.init_ui_state | D9: Method | E9: Sets the initial state of the UI based on track data. | G9: Not Started | H9: Medium
B10: vsg_qt/track_widget/logic.py | C10: TrackWidgetLogic.populate_sync_sources | D10: Method | E10: Populates the dropdown with sources to sync an external sub against. | F10: Qt signals | G10: Not Started | H10: Medium
B11: vsg_qt/track_widget/logic.py | C11: TrackWidgetLogic.refresh_badges | D11: Method | E11: Updates the badge label based on the current settings. | F11: Path handling | G11: Not Started | H11: Medium
B12: vsg_qt/track_widget/logic.py | C12: TrackWidgetLogic.refresh_summary | D12: Method | E12: Updates the main summary label and the inline options summary. | F12: Includes validation, Error handling, UI component | G12: Not Started | H12: Medium
B13: vsg_qt/track_widget/ui.py | C13: TrackWidget | D13: Class | E13: A self-contained widget for a single track in the final layout. | G13: Not Started | H13: High
B14: vsg_qt/track_widget/ui.py | C14: TrackWidget.__init__ | D14: Method | E14: Method of TrackWidget | F14: Logging, UI component | G14: Not Started | H14: High
B15: vsg_qt/track_widget/ui.py | C15: TrackWidget._build_layout | D15: Method | E15: Method of TrackWidget | F15: UI component | G15: Not Started | H15: Medium
B16: vsg_qt/track_widget/ui.py | C16: TrackWidget._open_settings_dialog | D16: Method | E16: Open the detailed settings dialog and apply the results. | F16: Logging, UI component | G16: Not Started | H16: Medium
B17: vsg_qt/track_widget/ui.py | C17: TrackWidget.get_config | D17: Method | E17: Public method to get the final configuration from the widget's controls. | F17: Logging, UI component | G17: Not Started | H17: Medium

Sheet Config, Models & Utilities
A1: Done | B1: File Path | C1: Function/Class/Feature | D1: Type | E1: Description | F1: Features | G1: Status | H1: Priority | I1: Dependencies | J1: Notes | K1: New Implementation Path
B2: main.py | C2: main | D2: Function | E2: Initializes and runs the PyQt application. | F2: Caching support, Error handling, UI component | G2: Not Started | H2: Medium
B3: vsg_core/__init__.py | C3: __init__ | D3: Module | E3: Module initialization/configuration | G3: Not Started | H3: High
B4: vsg_core/chapters/keyframes.py | C4: probe_keyframes_ns | D4: Function | E4: Module-level function | F4: Error handling, Logging, FFmpeg integration, JSON handling, Path handling | G4: Not Started | H4: Medium
B5: vsg_core/chapters/process.py | C5: _create_chapter_display | D5: Function | E5: Create a new ChapterDisplay element with proper namespace handling and both language fields. | G5: Not Started | H5: Medium
B6: vsg_core/chapters/process.py | C6: _extract_language_from_display | D6: Function | E6: Extract both language fields from a ChapterDisplay node, returning tuple (chapter_lang, ietf_lang). | F6: Fallback handling, Error handling | G6: Not Started | H6: Medium
B7: vsg_core/chapters/process.py | C7: _fmt_delta_for_log | D7: Function | E7: Formats a time delta for logging with unit-adaptive display. | F7: Logging | G7: Not Started | H7: Medium
B8: vsg_core/chapters/process.py | C8: _fmt_ns | D8: Function | E8: Module-level function | G8: Not Started | H8: Medium
B9: vsg_core/chapters/process.py | C9: _fmt_ns_for_log | D9: Function | E9: Format nanoseconds as HH:MM:SS.mmm.uuu.nnn for maximum clarity. | F9: Logging | G9: Not Started | H9: Medium
B10: vsg_core/chapters/process.py | C10: _get_xpath_and_nsmap | D10: Function | E10: Detects if a namespace is used and returns the appropriate xpath prefix and nsmap. | F10: Path handling | G10: Not Started | H10: Medium
B11: vsg_core/chapters/process.py | C11: _normalize_and_dedupe_chapters | D11: Function | E11: Module-level function | F11: Error handling, Logging, Path handling | G11: Not Started | H11: Medium
B12: vsg_core/chapters/process.py | C12: _parse_ns | D12: Function | E12: Module-level function | G12: Not Started | H12: Medium
B13: vsg_core/chapters/process.py | C13: _snap_chapter_times_inplace | D13: Function | E13: Module-level function | F13: Logging, Path handling | G13: Not Started | H13: Medium
B14: vsg_core/chapters/process.py | C14: process_chapters | D14: Function | E14: Module-level function | F14: Fallback handling, Error handling, Logging, MKVToolNix integration, Path handling | G14: Not Started | H14: Medium
B15: vsg_core/config.py | C15: AppConfig | D15: Class | E15: Class definition | G15: Not Started | H15: High
B16: vsg_core/config.py | C16: AppConfig.__init__ | D16: Method | E16: Method of AppConfig | F16: Caching support, Includes validation, Fallback handling, Error handling, Logging | G16: Not Started | H16: High
B17: vsg_core/config.py | C17: AppConfig._coerce_type | D17: Method | E17: Coerces a loaded value to match the type of its default. | F17: Error handling | G17: Not Started | H17: Medium
B18: vsg_core/config.py | C18: AppConfig._ensure_types_coerced | D18: Method | E18: Ensures all values in self.settings match the expected types from defaults. | G18: Not Started | H18: Medium
B19: vsg_core/config.py | C19: AppConfig._validate_value | D19: Method | E19: Validates a config value against expected type and range. | F19: Includes validation, Fallback handling, Error handling, Logging, FFmpeg integration | G19: Not Started | H19: Medium
B20: vsg_core/config.py | C20: AppConfig.cleanup_style_editor_temp | D20: Method | E20: Clean up the style editor temp directory. | F20: Error handling | G20: Not Started | H20: Medium
B21: vsg_core/config.py | C21: AppConfig.ensure_dirs_exist | D21: Method | E21: Method of AppConfig | F21: Logging, Path handling | G21: Not Started | H21: Medium
B22: vsg_core/config.py | C22: AppConfig.get | D22: Method | E22: Gets a config value with automatic type coercion. | G22: Not Started | H22: Medium
B23: vsg_core/config.py | C23: AppConfig.get_config_dir | D23: Method | E23: Returns the path to the .config directory for storing app configuration files. | F23: Path handling | G23: Not Started | H23: Medium
B24: vsg_core/config.py | C24: AppConfig.get_default_wordlist_path | D24: Method | E24: Returns the default path for the OCR custom wordlist. | F24: Path handling | G24: Not Started | H24: Medium
B25: vsg_core/config.py | C25: AppConfig.get_fonts_dir | D25: Method | E25: Returns the path to the .fonts directory for user font files. | F25: Path handling | G25: Not Started | H25: Medium
B26: vsg_core/config.py | C26: AppConfig.get_ocr_config_dir | D26: Method | E26: Returns the path to the .config/ocr directory for OCR configuration files. | F26: Path handling | G26: Not Started | H26: Medium
B27: vsg_core/config.py | C27: AppConfig.get_orphaned_keys | D27: Method | E27: Returns set of keys in settings that are not in defaults. | G27: Not Started | H27: Medium
B28: vsg_core/config.py | C28: AppConfig.get_style_editor_temp_dir | D28: Method | E28: Returns the path to the style_editor_temp directory for preview files. | F28: Path handling | G28: Not Started | H28: Medium
B29: vsg_core/config.py | C29: AppConfig.get_unrecognized_keys | D29: Method | E29: Returns set of accessed keys that are not in defaults. | G29: Not Started | H29: Medium
B30: vsg_core/config.py | C30: AppConfig.load | D30: Method | E30: Method of AppConfig | F30: Includes validation, Error handling, JSON handling, Path handling | G30: Not Started | H30: Medium
B31: vsg_core/config.py | C31: AppConfig.remove_orphaned_keys | D31: Method | E31: Removes orphaned keys from settings and saves. | G31: Not Started | H31: Medium
B32: vsg_core/config.py | C32: AppConfig.save | D32: Method | E32: Method of AppConfig | F32: Error handling, JSON handling, Path handling | G32: Not Started | H32: Medium
B33: vsg_core/config.py | C33: AppConfig.set | D33: Method | E33: Sets a config value with optional validation. | F33: Includes validation, Error handling | G33: Not Started | H33: Medium
B34: vsg_core/config.py | C34: AppConfig.validate_all | D34: Method | E34: Validates all settings and returns list of error messages. | F34: Includes validation, Error handling | G34: Not Started | H34: Medium
B35: vsg_core/favorite_colors.py | C35: FavoriteColorsManager | D35: Class | E35: Manages favorite colors stored in a JSON file. | G35: Not Started | H35: High
B36: vsg_core/favorite_colors.py | C36: FavoriteColorsManager.__init__ | D36: Method | E36: Initialize the manager with a config directory. | F36: Path handling | G36: Not Started | H36: High
B37: vsg_core/favorite_colors.py | C37: FavoriteColorsManager._load | D37: Method | E37: Load favorites from the JSON file. | F37: Includes validation, Error handling, JSON handling | G37: Not Started | H37: Medium
B38: vsg_core/favorite_colors.py | C38: FavoriteColorsManager._save | D38: Method | E38: Save favorites to the JSON file. | F38: Error handling, JSON handling | G38: Not Started | H38: Medium
B39: vsg_core/favorite_colors.py | C39: FavoriteColorsManager._validate_favorite | D39: Method | E39: Validate a favorite color entry. | F39: Includes validation | G39: Not Started | H39: Medium
B40: vsg_core/favorite_colors.py | C40: FavoriteColorsManager.add | D40: Method | E40: Add a new favorite color. | G40: Not Started | H40: Medium
B41: vsg_core/favorite_colors.py | C41: FavoriteColorsManager.clear_all | D41: Method | E41: Remove all favorite colors. | G41: Not Started | H41: Medium
B42: vsg_core/favorite_colors.py | C42: FavoriteColorsManager.get_all | D42: Method | E42: Get all favorite colors. | G42: Not Started | H42: Medium
B43: vsg_core/favorite_colors.py | C43: FavoriteColorsManager.get_by_id | D43: Method | E43: Get a favorite by its ID. | G43: Not Started | H43: Medium
B44: vsg_core/favorite_colors.py | C44: FavoriteColorsManager.remove | D44: Method | E44: Remove a favorite color. | G44: Not Started | H44: Medium
B45: vsg_core/favorite_colors.py | C45: FavoriteColorsManager.reorder | D45: Method | E45: Reorder favorites to match the given ID list. | G45: Not Started | H45: Medium
B46: vsg_core/favorite_colors.py | C46: FavoriteColorsManager.update | D46: Method | E46: Update an existing favorite color. | G46: Not Started | H46: Medium
B47: vsg_core/font_manager.py | C47: FontInfo | D47: Class | E47: Information about a font file. | G47: Not Started | H47: High
B48: vsg_core/font_manager.py | C48: FontReplacementManager | D48: Class | E48: Manages font replacement operations (keyed by style name). | G48: Not Started | H48: High
B49: vsg_core/font_manager.py | C49: FontScanner | D49: Class | E49: Scans directories for font files. | G49: Not Started | H49: High
B50: vsg_core/font_manager.py | C50: SubtitleFontAnalyzer | D50: Class | E50: Analyzes fonts used in subtitle files. | G50: Not Started | H50: High
B51: vsg_core/font_manager.py | C51: apply_font_replacements_to_subtitle | D51: Function | E51: Apply font replacements to a subtitle file. | F51: Path handling | G51: Not Started | H51: Medium
B52: vsg_core/font_manager.py | C52: validate_font_replacements | D52: Function | E52: Validate font replacements (keyed by style name). | F52: Includes validation, Error handling, Path handling | G52: Not Started | H52: Medium
B53: vsg_core/font_manager.py | C53: FontInfo.__init__ | D53: Method | E53: Method of FontInfo | F53: Error handling, Path handling | G53: Not Started | H53: High
B54: vsg_core/font_manager.py | C54: FontInfo.__repr__ | D54: Method | E54: Method of FontInfo | G54: Not Started | H54: Medium
B55: vsg_core/font_manager.py | C55: FontInfo._parse_font | D55: Method | E55: Parse font file to extract metadata. | F55: Fallback handling, Error handling, Path handling | G55: Not Started | H55: Medium
B56: vsg_core/font_manager.py | C56: FontReplacementManager.__init__ | D56: Method | E56: Method of FontReplacementManager | F56: Path handling | G56: Not Started | H56: High
B57: vsg_core/font_manager.py | C57: FontReplacementManager.add_replacement | D57: Method | E57: Add a font replacement for a specific style. | F57: Path handling | G57: Not Started | H57: Medium
B58: vsg_core/font_manager.py | C58: FontReplacementManager.apply_to_track_data | D58: Method | E58: Apply font replacements to track data for job processing. | G58: Not Started | H58: Medium
B59: vsg_core/font_manager.py | C59: FontReplacementManager.clear_replacements | D59: Method | E59: Clear all replacements. | G59: Not Started | H59: Medium
B60: vsg_core/font_manager.py | C60: FontReplacementManager.copy_fonts_to_temp | D60: Method | E60: Copy all replacement font files to a temp directory. | F60: Path handling | G60: Not Started | H60: Medium
B61: vsg_core/font_manager.py | C61: FontReplacementManager.get_replacements | D61: Method | E61: Get all current replacements. | G61: Not Started | H61: Medium
B62: vsg_core/font_manager.py | C62: FontReplacementManager.remove_replacement | D62: Method | E62: Remove a font replacement by style name. | G62: Not Started | H62: Medium
B63: vsg_core/font_manager.py | C63: FontReplacementManager.validate_replacement_files | D63: Method | E63: Validate that all replacement font files exist. | F63: Includes validation, Error handling, Path handling | G63: Not Started | H63: Medium
B64: vsg_core/font_manager.py | C64: FontScanner.__init__ | D64: Method | E64: Method of FontScanner | F64: Caching support, Path handling | G64: Not Started | H64: High
B65: vsg_core/font_manager.py | C65: FontScanner.clear_cache | D65: Method | E65: Clear the font cache. | F65: Caching support | G65: Not Started | H65: Medium
B66: vsg_core/font_manager.py | C66: FontScanner.get_font_by_family | D66: Method | E66: Get all fonts matching a family name. | G66: Not Started | H66: Medium
B67: vsg_core/font_manager.py | C67: FontScanner.get_font_families | D67: Method | E67: Get fonts grouped by family name. | G67: Not Started | H67: Medium
B68: vsg_core/font_manager.py | C68: FontScanner.scan | D68: Method | E68: Scan the fonts directory for font files. | F68: Caching support, Path handling | G68: Not Started | H68: Medium
B69: vsg_core/font_manager.py | C69: SubtitleFontAnalyzer.__init__ | D69: Method | E69: Method of SubtitleFontAnalyzer | F69: Path handling | G69: Not Started | H69: High
B70: vsg_core/font_manager.py | C70: SubtitleFontAnalyzer.analyze | D70: Method | E70: Analyze the subtitle file to find all fonts used. | F70: Error handling, Path handling | G70: Not Started | H70: Medium
B71: vsg_core/font_manager.py | C71: SubtitleFontAnalyzer.get_styles_using_font | D71: Method | E71: Get list of styles that use a specific font. | G71: Not Started | H71: Medium
B72: vsg_core/io/runner.py | C72: CommandRunner | D72: Class | E72: Executes external commands and streams output. | G72: Not Started | H72: High
B73: vsg_core/io/runner.py | C73: CommandRunner.__init__ | D73: Method | E73: Method of CommandRunner | F73: Logging, Path handling | G73: Not Started | H73: High
B74: vsg_core/io/runner.py | C74: CommandRunner._log_message | D74: Method | E74: Formats and sends a message to the log callback. | F74: Logging | G74: Not Started | H74: Medium
B75: vsg_core/io/runner.py | C75: CommandRunner.run | D75: Method | E75: Executes a command and handles logging based on configuration. | F75: Error handling, Logging, FFmpeg integration, Subprocess execution, Path handling | G75: Not Started | H75: High
B76: vsg_core/models/__init__.py | C76: __init__ | D76: Module | E76: Module initialization/configuration | G76: Not Started | H76: High
B77: vsg_core/models/converters.py | C77: _type_from_str | D77: Function | E77: Module-level function | G77: Not Started | H77: Medium
B78: vsg_core/models/converters.py | C78: realize_plan_from_manual_layout | D78: Function | E78: Binds the user's manual layout selections to the typed Track models for a job. | F78: Includes validation, Path handling | G78: Not Started | H78: Medium
B79: vsg_core/models/converters.py | C79: signature_for_auto_apply | D79: Function | E79: Generates a track signature for a job, used for auto-applying layouts. | G79: Not Started | H79: Medium
B80: vsg_core/models/converters.py | C80: tracks_from_dialog_info | D80: Function | E80: Converts the raw track info dictionary (keyed by "Source 1", etc.) | F80: Logging, UI component | G80: Not Started | H80: Medium
B81: vsg_core/models/enums.py | C81: AnalysisMode | D81: Class | E81: Class definition | G81: Not Started | H81: High
B82: vsg_core/models/enums.py | C82: SnapMode | D82: Class | E82: Class definition | G82: Not Started | H82: High
B83: vsg_core/models/enums.py | C83: TrackType | D83: Class | E83: Class definition | G83: Not Started | H83: High
B84: vsg_core/models/jobs.py | C84: Delays | D84: Class | E84: Class definition | G84: Not Started | H84: High
B85: vsg_core/models/jobs.py | C85: JobResult | D85: Class | E85: Class definition | G85: Not Started | H85: High
B86: vsg_core/models/jobs.py | C86: JobSpec | D86: Class | E86: Class definition | G86: Not Started | H86: High
B87: vsg_core/models/jobs.py | C87: MergePlan | D87: Class | E87: Class definition | G87: Not Started | H87: High
B88: vsg_core/models/jobs.py | C88: PlanItem | D88: Class | E88: Class definition | G88: Not Started | H88: High
B89: vsg_core/models/media.py | C89: Attachment | D89: Class | E89: Class definition | G89: Not Started | H89: High
B90: vsg_core/models/media.py | C90: StreamProps | D90: Class | E90: Class definition | G90: Not Started | H90: High
B91: vsg_core/models/media.py | C91: Track | D91: Class | E91: Class definition | G91: Not Started | H91: High
B92: vsg_core/models/results.py | C92: CorrectionResult | D92: Class | E92: Result of an audio correction operation. | G92: Not Started | H92: High
... B94: vsg_core/models/results.py | C94: StepStatus | D94: Class | E94: Status codes for pipeline steps. | G94: Not Started | H94: High
B95: vsg_core/models/results.py | C95: CorrectionResult.failed | D95: Method | E95: Create a failed result. | F95: Error handling | G95: Not Started | H95: Medium
B96: vsg_core/models/results.py | C96: CorrectionResult.succeeded | D96: Method | E96: Create a successful result. | G96: Not Started | H96: Medium
B97: vsg_core/models/results.py | C97: StepResult.add_warning | D97: Method | E97: Add a warning message. | G97: Not Started | H97: Medium
B98: vsg_core/models/results.py | C98: StepResult.has_issues | D98: Method | E98: Returns True if there are any warnings or errors. | F98: Error handling | G98: Not Started | H98: Medium
B99: vsg_core/models/results.py | C99: StepResult.is_fatal | D99: Method | E99: Returns True if this result should stop the job. | G99: Not Started | H99: Medium
B100: vsg_core/models/settings.py | C100: AppSettings | D100: Class | E100: Class definition | G100: Not Started | H100: High
B101: vsg_core/models/settings.py | C101: AppSettings.from_config | D101: Method | E101: Method of AppSettings | F101: Error handling, Logging, Path handling, UI component | G101: Not Started | H101: Medium
...
